2025-11-10 00:26:38 [main] INFO  org.hibernate.Version - HHH000412: Hibernate ORM core version 6.2.4.Final
2025-11-10 00:26:38 [main] INFO  org.hibernate.cfg.Environment - HHH000406: Using bytecode reflection optimizer
2025-11-10 00:26:39 [main] WARN  o.hibernate.orm.connections.pooling - HHH10001002: Using built-in connection pool (not intended for production use)
2025-11-10 00:26:39 [main] INFO  o.hibernate.orm.connections.pooling - HHH10001005: Loaded JDBC driver class: org.postgresql.Driver
2025-11-10 00:26:39 [main] INFO  o.hibernate.orm.connections.pooling - HHH10001012: Connecting with JDBC URL [jdbc:postgresql://localhost:5432/candidate_matcher]
2025-11-10 00:26:39 [main] INFO  o.hibernate.orm.connections.pooling - HHH10001001: Connection properties: {password=****, user=postgres}
2025-11-10 00:26:39 [main] INFO  o.hibernate.orm.connections.pooling - HHH10001003: Autocommit mode: false
2025-11-10 00:26:39 [main] INFO  o.hibernate.orm.connections.pooling - HHH10001115: Connection pool size: 20 (min=1)
2025-11-10 00:26:39 [main] INFO  o.h.b.i.BytecodeProviderInitiator - HHH000021: Bytecode provider name : bytebuddy
2025-11-10 00:26:40 [main] INFO  o.hibernate.orm.connections.access - HHH10001501: Connection obtained from JdbcConnectionAccess [org.hibernate.engine.jdbc.env.internal.JdbcEnvironmentInitiator$ConnectionProviderJdbcConnectionAccess@6842c101] for (non-JTA) DDL execution was not in auto-commit mode; the Connection 'local transaction' will be committed and the Connection will be set into auto-commit mode.
2025-11-10 00:26:40 [main] INFO  io.javalin.Javalin - Starting Javalin ...
2025-11-10 00:26:40 [main] INFO  org.eclipse.jetty.server.Server - jetty-11.0.24; built: 2024-08-26T18:11:22.448Z; git: 5dfc59a691b748796f922208956bd1f2794bcd16; jvm 17.0.16+8-LTS
2025-11-10 00:26:40 [main] INFO  o.e.j.s.s.DefaultSessionIdManager - Session workerName=node0
2025-11-10 00:26:40 [main] INFO  o.e.j.server.handler.ContextHandler - Started o.e.j.s.ServletContextHandler@1a4083f6{/api/v1,null,AVAILABLE}
2025-11-10 00:26:40 [main] INFO  o.e.jetty.server.AbstractConnector - Started ServerConnector@547aaa32{HTTP/1.1, (http/1.1)}{0.0.0.0:7070}
2025-11-10 00:26:40 [main] INFO  org.eclipse.jetty.server.Server - Started Server@c262f2f{STARTING}[11.0.24,sto=0] @2506ms
2025-11-10 00:26:40 [main] INFO  io.javalin.Javalin - Javalin started in 140ms \o/
2025-11-10 00:26:40 [main] INFO  io.javalin.Javalin - Listening on http://localhost:7070/api/v1
2025-11-10 00:26:40 [main] INFO  io.javalin.Javalin - You are running Javalin 6.4.0 (released December 17, 2024. Your Javalin version is 327 days old. Consider checking for a newer version.).
2025-11-10 00:30:14 [main] INFO  org.hibernate.Version - HHH000412: Hibernate ORM core version 6.2.4.Final
2025-11-10 00:30:14 [main] INFO  org.hibernate.cfg.Environment - HHH000406: Using bytecode reflection optimizer
2025-11-10 00:30:15 [main] WARN  o.hibernate.orm.connections.pooling - HHH10001002: Using built-in connection pool (not intended for production use)
2025-11-10 00:30:15 [main] INFO  o.hibernate.orm.connections.pooling - HHH10001005: Loaded JDBC driver class: org.postgresql.Driver
2025-11-10 00:30:15 [main] INFO  o.hibernate.orm.connections.pooling - HHH10001012: Connecting with JDBC URL [jdbc:postgresql://localhost:5432/candidate_matcher]
2025-11-10 00:30:15 [main] INFO  o.hibernate.orm.connections.pooling - HHH10001001: Connection properties: {password=****, user=postgres}
2025-11-10 00:30:15 [main] INFO  o.hibernate.orm.connections.pooling - HHH10001003: Autocommit mode: false
2025-11-10 00:30:15 [main] INFO  o.hibernate.orm.connections.pooling - HHH10001115: Connection pool size: 20 (min=1)
2025-11-10 00:30:15 [main] INFO  o.h.b.i.BytecodeProviderInitiator - HHH000021: Bytecode provider name : bytebuddy
2025-11-10 00:30:16 [main] INFO  o.hibernate.orm.connections.access - HHH10001501: Connection obtained from JdbcConnectionAccess [org.hibernate.engine.jdbc.env.internal.JdbcEnvironmentInitiator$ConnectionProviderJdbcConnectionAccess@1373e3ee] for (non-JTA) DDL execution was not in auto-commit mode; the Connection 'local transaction' will be committed and the Connection will be set into auto-commit mode.
2025-11-10 00:30:16 [main] INFO  io.javalin.Javalin - Starting Javalin ...
2025-11-10 00:30:16 [main] INFO  org.eclipse.jetty.server.Server - jetty-11.0.24; built: 2024-08-26T18:11:22.448Z; git: 5dfc59a691b748796f922208956bd1f2794bcd16; jvm 17.0.16+8-LTS
2025-11-10 00:30:16 [main] INFO  o.e.j.s.s.DefaultSessionIdManager - Session workerName=node0
2025-11-10 00:30:16 [main] INFO  o.e.j.server.handler.ContextHandler - Started o.e.j.s.ServletContextHandler@e881e46{/api/v1,null,AVAILABLE}
2025-11-10 00:30:16 [main] INFO  o.e.jetty.server.AbstractConnector - Started ServerConnector@2aa6bbad{HTTP/1.1, (http/1.1)}{0.0.0.0:7070}
2025-11-10 00:30:16 [main] INFO  org.eclipse.jetty.server.Server - Started Server@7e2bc2f4{STARTING}[11.0.24,sto=0] @1692ms
2025-11-10 00:30:16 [main] INFO  io.javalin.Javalin - Javalin started in 119ms \o/
2025-11-10 00:30:16 [main] INFO  io.javalin.Javalin - Listening on http://localhost:7070/api/v1
2025-11-10 00:30:16 [main] INFO  io.javalin.Javalin - You are running Javalin 6.4.0 (released December 17, 2024. Your Javalin version is 327 days old. Consider checking for a newer version.).
2025-11-10 00:32:26 [main] INFO  org.hibernate.Version - HHH000412: Hibernate ORM core version 6.2.4.Final
2025-11-10 00:32:26 [main] INFO  org.hibernate.cfg.Environment - HHH000406: Using bytecode reflection optimizer
2025-11-10 00:32:26 [main] WARN  o.hibernate.orm.connections.pooling - HHH10001002: Using built-in connection pool (not intended for production use)
2025-11-10 00:32:26 [main] INFO  o.hibernate.orm.connections.pooling - HHH10001005: Loaded JDBC driver class: org.postgresql.Driver
2025-11-10 00:32:26 [main] INFO  o.hibernate.orm.connections.pooling - HHH10001012: Connecting with JDBC URL [jdbc:postgresql://localhost:5432/candidate_matcher]
2025-11-10 00:32:26 [main] INFO  o.hibernate.orm.connections.pooling - HHH10001001: Connection properties: {password=****, user=postgres}
2025-11-10 00:32:26 [main] INFO  o.hibernate.orm.connections.pooling - HHH10001003: Autocommit mode: false
2025-11-10 00:32:26 [main] INFO  o.hibernate.orm.connections.pooling - HHH10001115: Connection pool size: 20 (min=1)
2025-11-10 00:32:26 [main] INFO  o.h.b.i.BytecodeProviderInitiator - HHH000021: Bytecode provider name : bytebuddy
2025-11-10 00:32:27 [main] INFO  o.hibernate.orm.connections.access - HHH10001501: Connection obtained from JdbcConnectionAccess [org.hibernate.engine.jdbc.env.internal.JdbcEnvironmentInitiator$ConnectionProviderJdbcConnectionAccess@1373e3ee] for (non-JTA) DDL execution was not in auto-commit mode; the Connection 'local transaction' will be committed and the Connection will be set into auto-commit mode.
2025-11-10 00:32:27 [main] INFO  io.javalin.Javalin - Starting Javalin ...
2025-11-10 00:32:27 [main] INFO  org.eclipse.jetty.server.Server - jetty-11.0.24; built: 2024-08-26T18:11:22.448Z; git: 5dfc59a691b748796f922208956bd1f2794bcd16; jvm 17.0.16+8-LTS
2025-11-10 00:32:27 [main] INFO  o.e.j.s.s.DefaultSessionIdManager - Session workerName=node0
2025-11-10 00:32:27 [main] INFO  o.e.j.server.handler.ContextHandler - Started o.e.j.s.ServletContextHandler@e881e46{/api/v1,null,AVAILABLE}
2025-11-10 00:32:27 [main] INFO  o.e.jetty.server.AbstractConnector - Started ServerConnector@2aa6bbad{HTTP/1.1, (http/1.1)}{0.0.0.0:7070}
2025-11-10 00:32:27 [main] INFO  org.eclipse.jetty.server.Server - Started Server@7e2bc2f4{STARTING}[11.0.24,sto=0] @1694ms
2025-11-10 00:32:27 [main] INFO  io.javalin.Javalin - Javalin started in 116ms \o/
2025-11-10 00:32:27 [main] INFO  io.javalin.Javalin - Listening on http://localhost:7070/api/v1
2025-11-10 00:32:27 [main] INFO  io.javalin.Javalin - You are running Javalin 6.4.0 (released December 17, 2024. Your Javalin version is 327 days old. Consider checking for a newer version.).
2025-11-10 00:32:48 [JettyServerThreadPool-30] WARN  io.javalin.Javalin - Uncaught exception
org.hibernate.LazyInitializationException: failed to lazily initialize a collection of role: app.entities.Candidate.skills: could not initialize proxy - no Session
	at org.hibernate.collection.spi.AbstractPersistentCollection.throwLazyInitializationException(AbstractPersistentCollection.java:635)
	at org.hibernate.collection.spi.AbstractPersistentCollection.withTemporarySessionIfNeeded(AbstractPersistentCollection.java:218)
	at org.hibernate.collection.spi.AbstractPersistentCollection.initialize(AbstractPersistentCollection.java:615)
	at org.hibernate.collection.spi.AbstractPersistentCollection.read(AbstractPersistentCollection.java:136)
	at org.hibernate.collection.spi.PersistentBag.iterator(PersistentBag.java:371)
	at java.base/java.util.Spliterators$IteratorSpliterator.estimateSize(Spliterators.java:1865)
	at java.base/java.util.Spliterator.getExactSizeIfKnown(Spliterator.java:414)
	at java.base/java.util.stream.AbstractPipeline.copyInto(AbstractPipeline.java:508)
	at java.base/java.util.stream.AbstractPipeline.wrapAndCopyInto(AbstractPipeline.java:499)
	at java.base/java.util.stream.ReduceOps$ReduceOp.evaluateSequential(ReduceOps.java:921)
	at java.base/java.util.stream.AbstractPipeline.evaluate(AbstractPipeline.java:234)
	at java.base/java.util.stream.ReferencePipeline.collect(ReferencePipeline.java:682)
	at app.mappers.CandidateMapper.toDTO(CandidateMapper.java:27)
	at java.base/java.util.stream.ReferencePipeline$3$1.accept(ReferencePipeline.java:197)
	at java.base/java.util.ArrayList$ArrayListSpliterator.forEachRemaining(ArrayList.java:1625)
	at java.base/java.util.stream.AbstractPipeline.copyInto(AbstractPipeline.java:509)
	at java.base/java.util.stream.AbstractPipeline.wrapAndCopyInto(AbstractPipeline.java:499)
	at java.base/java.util.stream.ReduceOps$ReduceOp.evaluateSequential(ReduceOps.java:921)
	at java.base/java.util.stream.AbstractPipeline.evaluate(AbstractPipeline.java:234)
	at java.base/java.util.stream.ReferencePipeline.collect(ReferencePipeline.java:682)
	at app.services.CandidateService.getAll(CandidateService.java:69)
	at app.controllers.CandidateController.lambda$getAll$2(CandidateController.java:65)
	at app.routes.CandidateRoutes.lambda$getRoutes$0(CandidateRoutes.java:29)
	at io.javalin.router.Endpoint.handle(Endpoint.kt:52)
	at io.javalin.router.ParsedEndpoint.handle(ParsedEndpoint.kt:15)
	at io.javalin.http.servlet.DefaultTasks.HTTP$lambda$9$lambda$7$lambda$6(DefaultTasks.kt:52)
	at io.javalin.http.servlet.JavalinServlet.handleTask(JavalinServlet.kt:99)
	at io.javalin.http.servlet.JavalinServlet.handleSync(JavalinServlet.kt:64)
	at io.javalin.http.servlet.JavalinServlet.handle(JavalinServlet.kt:50)
	at io.javalin.http.servlet.JavalinServlet.service(JavalinServlet.kt:30)
	at jakarta.servlet.http.HttpServlet.service(HttpServlet.java:587)
	at io.javalin.jetty.JavalinJettyServlet.service(JavalinJettyServlet.kt:52)
	at jakarta.servlet.http.HttpServlet.service(HttpServlet.java:587)
	at org.eclipse.jetty.servlet.ServletHolder.handle(ServletHolder.java:764)
	at org.eclipse.jetty.servlet.ServletHandler.doHandle(ServletHandler.java:529)
	at org.eclipse.jetty.server.handler.ScopedHandler.nextHandle(ScopedHandler.java:221)
	at org.eclipse.jetty.server.session.SessionHandler.doHandle(SessionHandler.java:1580)
	at org.eclipse.jetty.server.handler.ScopedHandler.nextHandle(ScopedHandler.java:221)
	at org.eclipse.jetty.server.handler.ContextHandler.doHandle(ContextHandler.java:1381)
	at org.eclipse.jetty.server.handler.ScopedHandler.nextScope(ScopedHandler.java:176)
	at org.eclipse.jetty.servlet.ServletHandler.doScope(ServletHandler.java:484)
	at org.eclipse.jetty.server.session.SessionHandler.doScope(SessionHandler.java:1553)
	at org.eclipse.jetty.server.handler.ScopedHandler.nextScope(ScopedHandler.java:174)
	at org.eclipse.jetty.server.handler.ContextHandler.doScope(ContextHandler.java:1303)
	at org.eclipse.jetty.server.handler.ScopedHandler.handle(ScopedHandler.java:129)
	at org.eclipse.jetty.server.handler.StatisticsHandler.handle(StatisticsHandler.java:173)
	at org.eclipse.jetty.server.handler.HandlerWrapper.handle(HandlerWrapper.java:122)
	at org.eclipse.jetty.server.Server.handle(Server.java:563)
	at org.eclipse.jetty.server.HttpChannel$RequestDispatchable.dispatch(HttpChannel.java:1598)
	at org.eclipse.jetty.server.HttpChannel.dispatch(HttpChannel.java:753)
	at org.eclipse.jetty.server.HttpChannel.handle(HttpChannel.java:501)
	at org.eclipse.jetty.server.HttpConnection.onFillable(HttpConnection.java:287)
	at org.eclipse.jetty.io.AbstractConnection$ReadCallback.succeeded(AbstractConnection.java:314)
	at org.eclipse.jetty.io.FillInterest.fillable(FillInterest.java:100)
	at org.eclipse.jetty.io.SelectableChannelEndPoint$1.run(SelectableChannelEndPoint.java:53)
	at org.eclipse.jetty.util.thread.strategy.AdaptiveExecutionStrategy.runTask(AdaptiveExecutionStrategy.java:421)
	at org.eclipse.jetty.util.thread.strategy.AdaptiveExecutionStrategy.consumeTask(AdaptiveExecutionStrategy.java:390)
	at org.eclipse.jetty.util.thread.strategy.AdaptiveExecutionStrategy.tryProduce(AdaptiveExecutionStrategy.java:277)
	at org.eclipse.jetty.util.thread.strategy.AdaptiveExecutionStrategy.produce(AdaptiveExecutionStrategy.java:193)
	at org.eclipse.jetty.util.thread.QueuedThreadPool.runJob(QueuedThreadPool.java:969)
	at org.eclipse.jetty.util.thread.QueuedThreadPool$Runner.doRunJob(QueuedThreadPool.java:1194)
	at org.eclipse.jetty.util.thread.QueuedThreadPool$Runner.run(QueuedThreadPool.java:1149)
	at java.base/java.lang.Thread.run(Thread.java:840)
2025-11-10 00:49:59 [main] INFO  org.hibernate.Version - HHH000412: Hibernate ORM core version 6.2.4.Final
2025-11-10 00:49:59 [main] INFO  org.hibernate.cfg.Environment - HHH000406: Using bytecode reflection optimizer
2025-11-10 00:49:59 [main] WARN  o.hibernate.orm.connections.pooling - HHH10001002: Using built-in connection pool (not intended for production use)
2025-11-10 00:49:59 [main] INFO  o.hibernate.orm.connections.pooling - HHH10001005: Loaded JDBC driver class: org.postgresql.Driver
2025-11-10 00:49:59 [main] INFO  o.hibernate.orm.connections.pooling - HHH10001012: Connecting with JDBC URL [jdbc:postgresql://localhost:5432/candidate_matcher]
2025-11-10 00:49:59 [main] INFO  o.hibernate.orm.connections.pooling - HHH10001001: Connection properties: {password=****, user=postgres}
2025-11-10 00:49:59 [main] INFO  o.hibernate.orm.connections.pooling - HHH10001003: Autocommit mode: false
2025-11-10 00:49:59 [main] INFO  o.hibernate.orm.connections.pooling - HHH10001115: Connection pool size: 20 (min=1)
2025-11-10 00:50:00 [main] INFO  o.h.b.i.BytecodeProviderInitiator - HHH000021: Bytecode provider name : bytebuddy
2025-11-10 00:50:00 [main] INFO  o.hibernate.orm.connections.access - HHH10001501: Connection obtained from JdbcConnectionAccess [org.hibernate.engine.jdbc.env.internal.JdbcEnvironmentInitiator$ConnectionProviderJdbcConnectionAccess@231df705] for (non-JTA) DDL execution was not in auto-commit mode; the Connection 'local transaction' will be committed and the Connection will be set into auto-commit mode.
2025-11-10 00:50:01 [main] INFO  io.javalin.Javalin - Starting Javalin ...
2025-11-10 00:50:01 [main] INFO  org.eclipse.jetty.server.Server - jetty-11.0.24; built: 2024-08-26T18:11:22.448Z; git: 5dfc59a691b748796f922208956bd1f2794bcd16; jvm 17.0.16+8-LTS
2025-11-10 00:50:01 [main] INFO  o.e.j.s.s.DefaultSessionIdManager - Session workerName=node0
2025-11-10 00:50:01 [main] INFO  o.e.j.server.handler.ContextHandler - Started o.e.j.s.ServletContextHandler@2b936b04{/api/v1,null,AVAILABLE}
2025-11-10 00:50:01 [main] INFO  o.e.jetty.server.AbstractConnector - Started ServerConnector@d16209e{HTTP/1.1, (http/1.1)}{0.0.0.0:7070}
2025-11-10 00:50:01 [main] INFO  org.eclipse.jetty.server.Server - Started Server@5c25d0d1{STARTING}[11.0.24,sto=0] @3248ms
2025-11-10 00:50:01 [main] INFO  io.javalin.Javalin - Javalin started in 109ms \o/
2025-11-10 00:50:01 [main] INFO  io.javalin.Javalin - Listening on http://localhost:7070/api/v1
2025-11-10 00:50:01 [main] INFO  io.javalin.Javalin - You are running Javalin 6.4.0 (released December 17, 2024. Your Javalin version is 327 days old. Consider checking for a newer version.).
2025-11-10 00:51:45 [JettyServerThreadPool-32] WARN  io.javalin.Javalin - Uncaught exception
org.hibernate.LazyInitializationException: failed to lazily initialize a collection of role: app.entities.Candidate.skills: could not initialize proxy - no Session
	at org.hibernate.collection.spi.AbstractPersistentCollection.throwLazyInitializationException(AbstractPersistentCollection.java:635)
	at org.hibernate.collection.spi.AbstractPersistentCollection.withTemporarySessionIfNeeded(AbstractPersistentCollection.java:218)
	at org.hibernate.collection.spi.AbstractPersistentCollection.initialize(AbstractPersistentCollection.java:615)
	at org.hibernate.collection.spi.AbstractPersistentCollection.read(AbstractPersistentCollection.java:136)
	at org.hibernate.collection.spi.PersistentBag.iterator(PersistentBag.java:371)
	at java.base/java.util.Spliterators$IteratorSpliterator.estimateSize(Spliterators.java:1865)
	at java.base/java.util.Spliterator.getExactSizeIfKnown(Spliterator.java:414)
	at java.base/java.util.stream.AbstractPipeline.copyIntoWithCancel(AbstractPipeline.java:526)
	at java.base/java.util.stream.AbstractPipeline.copyInto(AbstractPipeline.java:513)
	at java.base/java.util.stream.AbstractPipeline.wrapAndCopyInto(AbstractPipeline.java:499)
	at java.base/java.util.stream.MatchOps$MatchOp.evaluateSequential(MatchOps.java:230)
	at java.base/java.util.stream.MatchOps$MatchOp.evaluateSequential(MatchOps.java:196)
	at java.base/java.util.stream.AbstractPipeline.evaluate(AbstractPipeline.java:234)
	at java.base/java.util.stream.ReferencePipeline.anyMatch(ReferencePipeline.java:632)
	at app.services.CandidateService.lambda$filterCandidatesByCategory$2(CandidateService.java:144)
	at java.base/java.util.stream.ReferencePipeline$2$1.accept(ReferencePipeline.java:178)
	at java.base/java.util.ArrayList$ArrayListSpliterator.forEachRemaining(ArrayList.java:1625)
	at java.base/java.util.stream.AbstractPipeline.copyInto(AbstractPipeline.java:509)
	at java.base/java.util.stream.AbstractPipeline.wrapAndCopyInto(AbstractPipeline.java:499)
	at java.base/java.util.stream.ReduceOps$ReduceOp.evaluateSequential(ReduceOps.java:921)
	at java.base/java.util.stream.AbstractPipeline.evaluate(AbstractPipeline.java:234)
	at java.base/java.util.stream.ReferencePipeline.collect(ReferencePipeline.java:682)
	at app.services.CandidateService.filterCandidatesByCategory(CandidateService.java:146)
	at app.controllers.CandidateController.lambda$filterCandidateByCategory$6(CandidateController.java:120)
	at app.routes.CandidateRoutes.lambda$getRoutes$0(CandidateRoutes.java:27)
	at io.javalin.router.Endpoint.handle(Endpoint.kt:52)
	at io.javalin.router.ParsedEndpoint.handle(ParsedEndpoint.kt:15)
	at io.javalin.http.servlet.DefaultTasks.HTTP$lambda$9$lambda$7$lambda$6(DefaultTasks.kt:52)
	at io.javalin.http.servlet.JavalinServlet.handleTask(JavalinServlet.kt:99)
	at io.javalin.http.servlet.JavalinServlet.handleSync(JavalinServlet.kt:64)
	at io.javalin.http.servlet.JavalinServlet.handle(JavalinServlet.kt:50)
	at io.javalin.http.servlet.JavalinServlet.service(JavalinServlet.kt:30)
	at jakarta.servlet.http.HttpServlet.service(HttpServlet.java:587)
	at io.javalin.jetty.JavalinJettyServlet.service(JavalinJettyServlet.kt:52)
	at jakarta.servlet.http.HttpServlet.service(HttpServlet.java:587)
	at org.eclipse.jetty.servlet.ServletHolder.handle(ServletHolder.java:764)
	at org.eclipse.jetty.servlet.ServletHandler.doHandle(ServletHandler.java:529)
	at org.eclipse.jetty.server.handler.ScopedHandler.nextHandle(ScopedHandler.java:221)
	at org.eclipse.jetty.server.session.SessionHandler.doHandle(SessionHandler.java:1580)
	at org.eclipse.jetty.server.handler.ScopedHandler.nextHandle(ScopedHandler.java:221)
	at org.eclipse.jetty.server.handler.ContextHandler.doHandle(ContextHandler.java:1381)
	at org.eclipse.jetty.server.handler.ScopedHandler.nextScope(ScopedHandler.java:176)
	at org.eclipse.jetty.servlet.ServletHandler.doScope(ServletHandler.java:484)
	at org.eclipse.jetty.server.session.SessionHandler.doScope(SessionHandler.java:1553)
	at org.eclipse.jetty.server.handler.ScopedHandler.nextScope(ScopedHandler.java:174)
	at org.eclipse.jetty.server.handler.ContextHandler.doScope(ContextHandler.java:1303)
	at org.eclipse.jetty.server.handler.ScopedHandler.handle(ScopedHandler.java:129)
	at org.eclipse.jetty.server.handler.StatisticsHandler.handle(StatisticsHandler.java:173)
	at org.eclipse.jetty.server.handler.HandlerWrapper.handle(HandlerWrapper.java:122)
	at org.eclipse.jetty.server.Server.handle(Server.java:563)
	at org.eclipse.jetty.server.HttpChannel$RequestDispatchable.dispatch(HttpChannel.java:1598)
	at org.eclipse.jetty.server.HttpChannel.dispatch(HttpChannel.java:753)
	at org.eclipse.jetty.server.HttpChannel.handle(HttpChannel.java:501)
	at org.eclipse.jetty.server.HttpConnection.onFillable(HttpConnection.java:287)
	at org.eclipse.jetty.io.AbstractConnection$ReadCallback.succeeded(AbstractConnection.java:314)
	at org.eclipse.jetty.io.FillInterest.fillable(FillInterest.java:100)
	at org.eclipse.jetty.io.SelectableChannelEndPoint$1.run(SelectableChannelEndPoint.java:53)
	at org.eclipse.jetty.util.thread.strategy.AdaptiveExecutionStrategy.runTask(AdaptiveExecutionStrategy.java:421)
	at org.eclipse.jetty.util.thread.strategy.AdaptiveExecutionStrategy.consumeTask(AdaptiveExecutionStrategy.java:390)
	at org.eclipse.jetty.util.thread.strategy.AdaptiveExecutionStrategy.tryProduce(AdaptiveExecutionStrategy.java:277)
	at org.eclipse.jetty.util.thread.strategy.AdaptiveExecutionStrategy.produce(AdaptiveExecutionStrategy.java:193)
	at org.eclipse.jetty.util.thread.QueuedThreadPool.runJob(QueuedThreadPool.java:969)
	at org.eclipse.jetty.util.thread.QueuedThreadPool$Runner.doRunJob(QueuedThreadPool.java:1194)
	at org.eclipse.jetty.util.thread.QueuedThreadPool$Runner.run(QueuedThreadPool.java:1149)
	at java.base/java.lang.Thread.run(Thread.java:840)
2025-11-10 00:51:59 [JettyServerThreadPool-33] WARN  io.javalin.Javalin - Uncaught exception
org.hibernate.LazyInitializationException: failed to lazily initialize a collection of role: app.entities.Candidate.skills: could not initialize proxy - no Session
	at org.hibernate.collection.spi.AbstractPersistentCollection.throwLazyInitializationException(AbstractPersistentCollection.java:635)
	at org.hibernate.collection.spi.AbstractPersistentCollection.withTemporarySessionIfNeeded(AbstractPersistentCollection.java:218)
	at org.hibernate.collection.spi.AbstractPersistentCollection.initialize(AbstractPersistentCollection.java:615)
	at org.hibernate.collection.spi.AbstractPersistentCollection.read(AbstractPersistentCollection.java:136)
	at org.hibernate.collection.spi.PersistentBag.iterator(PersistentBag.java:371)
	at java.base/java.util.Spliterators$IteratorSpliterator.estimateSize(Spliterators.java:1865)
	at java.base/java.util.Spliterator.getExactSizeIfKnown(Spliterator.java:414)
	at java.base/java.util.stream.AbstractPipeline.copyIntoWithCancel(AbstractPipeline.java:526)
	at java.base/java.util.stream.AbstractPipeline.copyInto(AbstractPipeline.java:513)
	at java.base/java.util.stream.AbstractPipeline.wrapAndCopyInto(AbstractPipeline.java:499)
	at java.base/java.util.stream.MatchOps$MatchOp.evaluateSequential(MatchOps.java:230)
	at java.base/java.util.stream.MatchOps$MatchOp.evaluateSequential(MatchOps.java:196)
	at java.base/java.util.stream.AbstractPipeline.evaluate(AbstractPipeline.java:234)
	at java.base/java.util.stream.ReferencePipeline.anyMatch(ReferencePipeline.java:632)
	at app.services.CandidateService.lambda$filterCandidatesByCategory$2(CandidateService.java:144)
	at java.base/java.util.stream.ReferencePipeline$2$1.accept(ReferencePipeline.java:178)
	at java.base/java.util.ArrayList$ArrayListSpliterator.forEachRemaining(ArrayList.java:1625)
	at java.base/java.util.stream.AbstractPipeline.copyInto(AbstractPipeline.java:509)
	at java.base/java.util.stream.AbstractPipeline.wrapAndCopyInto(AbstractPipeline.java:499)
	at java.base/java.util.stream.ReduceOps$ReduceOp.evaluateSequential(ReduceOps.java:921)
	at java.base/java.util.stream.AbstractPipeline.evaluate(AbstractPipeline.java:234)
	at java.base/java.util.stream.ReferencePipeline.collect(ReferencePipeline.java:682)
	at app.services.CandidateService.filterCandidatesByCategory(CandidateService.java:146)
	at app.controllers.CandidateController.lambda$filterCandidateByCategory$6(CandidateController.java:120)
	at app.routes.CandidateRoutes.lambda$getRoutes$0(CandidateRoutes.java:27)
	at io.javalin.router.Endpoint.handle(Endpoint.kt:52)
	at io.javalin.router.ParsedEndpoint.handle(ParsedEndpoint.kt:15)
	at io.javalin.http.servlet.DefaultTasks.HTTP$lambda$9$lambda$7$lambda$6(DefaultTasks.kt:52)
	at io.javalin.http.servlet.JavalinServlet.handleTask(JavalinServlet.kt:99)
	at io.javalin.http.servlet.JavalinServlet.handleSync(JavalinServlet.kt:64)
	at io.javalin.http.servlet.JavalinServlet.handle(JavalinServlet.kt:50)
	at io.javalin.http.servlet.JavalinServlet.service(JavalinServlet.kt:30)
	at jakarta.servlet.http.HttpServlet.service(HttpServlet.java:587)
	at io.javalin.jetty.JavalinJettyServlet.service(JavalinJettyServlet.kt:52)
	at jakarta.servlet.http.HttpServlet.service(HttpServlet.java:587)
	at org.eclipse.jetty.servlet.ServletHolder.handle(ServletHolder.java:764)
	at org.eclipse.jetty.servlet.ServletHandler.doHandle(ServletHandler.java:529)
	at org.eclipse.jetty.server.handler.ScopedHandler.nextHandle(ScopedHandler.java:221)
	at org.eclipse.jetty.server.session.SessionHandler.doHandle(SessionHandler.java:1580)
	at org.eclipse.jetty.server.handler.ScopedHandler.nextHandle(ScopedHandler.java:221)
	at org.eclipse.jetty.server.handler.ContextHandler.doHandle(ContextHandler.java:1381)
	at org.eclipse.jetty.server.handler.ScopedHandler.nextScope(ScopedHandler.java:176)
	at org.eclipse.jetty.servlet.ServletHandler.doScope(ServletHandler.java:484)
	at org.eclipse.jetty.server.session.SessionHandler.doScope(SessionHandler.java:1553)
	at org.eclipse.jetty.server.handler.ScopedHandler.nextScope(ScopedHandler.java:174)
	at org.eclipse.jetty.server.handler.ContextHandler.doScope(ContextHandler.java:1303)
	at org.eclipse.jetty.server.handler.ScopedHandler.handle(ScopedHandler.java:129)
	at org.eclipse.jetty.server.handler.StatisticsHandler.handle(StatisticsHandler.java:173)
	at org.eclipse.jetty.server.handler.HandlerWrapper.handle(HandlerWrapper.java:122)
	at org.eclipse.jetty.server.Server.handle(Server.java:563)
	at org.eclipse.jetty.server.HttpChannel$RequestDispatchable.dispatch(HttpChannel.java:1598)
	at org.eclipse.jetty.server.HttpChannel.dispatch(HttpChannel.java:753)
	at org.eclipse.jetty.server.HttpChannel.handle(HttpChannel.java:501)
	at org.eclipse.jetty.server.HttpConnection.onFillable(HttpConnection.java:287)
	at org.eclipse.jetty.io.AbstractConnection$ReadCallback.succeeded(AbstractConnection.java:314)
	at org.eclipse.jetty.io.FillInterest.fillable(FillInterest.java:100)
	at org.eclipse.jetty.io.SelectableChannelEndPoint$1.run(SelectableChannelEndPoint.java:53)
	at org.eclipse.jetty.util.thread.strategy.AdaptiveExecutionStrategy.runTask(AdaptiveExecutionStrategy.java:421)
	at org.eclipse.jetty.util.thread.strategy.AdaptiveExecutionStrategy.consumeTask(AdaptiveExecutionStrategy.java:390)
	at org.eclipse.jetty.util.thread.strategy.AdaptiveExecutionStrategy.tryProduce(AdaptiveExecutionStrategy.java:277)
	at org.eclipse.jetty.util.thread.strategy.AdaptiveExecutionStrategy.produce(AdaptiveExecutionStrategy.java:193)
	at org.eclipse.jetty.util.thread.QueuedThreadPool.runJob(QueuedThreadPool.java:969)
	at org.eclipse.jetty.util.thread.QueuedThreadPool$Runner.doRunJob(QueuedThreadPool.java:1194)
	at org.eclipse.jetty.util.thread.QueuedThreadPool$Runner.run(QueuedThreadPool.java:1149)
	at java.base/java.lang.Thread.run(Thread.java:840)
2025-11-10 00:54:23 [JettyServerThreadPool-35] WARN  io.javalin.Javalin - Uncaught exception
org.hibernate.LazyInitializationException: failed to lazily initialize a collection of role: app.entities.Candidate.skills: could not initialize proxy - no Session
	at org.hibernate.collection.spi.AbstractPersistentCollection.throwLazyInitializationException(AbstractPersistentCollection.java:635)
	at org.hibernate.collection.spi.AbstractPersistentCollection.withTemporarySessionIfNeeded(AbstractPersistentCollection.java:218)
	at org.hibernate.collection.spi.AbstractPersistentCollection.initialize(AbstractPersistentCollection.java:615)
	at org.hibernate.collection.spi.AbstractPersistentCollection.read(AbstractPersistentCollection.java:136)
	at org.hibernate.collection.spi.PersistentBag.iterator(PersistentBag.java:371)
	at java.base/java.util.Spliterators$IteratorSpliterator.estimateSize(Spliterators.java:1865)
	at java.base/java.util.Spliterator.getExactSizeIfKnown(Spliterator.java:414)
	at java.base/java.util.stream.AbstractPipeline.copyIntoWithCancel(AbstractPipeline.java:526)
	at java.base/java.util.stream.AbstractPipeline.copyInto(AbstractPipeline.java:513)
	at java.base/java.util.stream.AbstractPipeline.wrapAndCopyInto(AbstractPipeline.java:499)
	at java.base/java.util.stream.MatchOps$MatchOp.evaluateSequential(MatchOps.java:230)
	at java.base/java.util.stream.MatchOps$MatchOp.evaluateSequential(MatchOps.java:196)
	at java.base/java.util.stream.AbstractPipeline.evaluate(AbstractPipeline.java:234)
	at java.base/java.util.stream.ReferencePipeline.anyMatch(ReferencePipeline.java:632)
	at app.services.CandidateService.lambda$filterCandidatesByCategory$2(CandidateService.java:144)
	at java.base/java.util.stream.ReferencePipeline$2$1.accept(ReferencePipeline.java:178)
	at java.base/java.util.ArrayList$ArrayListSpliterator.forEachRemaining(ArrayList.java:1625)
	at java.base/java.util.stream.AbstractPipeline.copyInto(AbstractPipeline.java:509)
	at java.base/java.util.stream.AbstractPipeline.wrapAndCopyInto(AbstractPipeline.java:499)
	at java.base/java.util.stream.ReduceOps$ReduceOp.evaluateSequential(ReduceOps.java:921)
	at java.base/java.util.stream.AbstractPipeline.evaluate(AbstractPipeline.java:234)
	at java.base/java.util.stream.ReferencePipeline.collect(ReferencePipeline.java:682)
	at app.services.CandidateService.filterCandidatesByCategory(CandidateService.java:146)
	at app.controllers.CandidateController.lambda$filterCandidateByCategory$6(CandidateController.java:120)
	at app.routes.CandidateRoutes.lambda$getRoutes$0(CandidateRoutes.java:27)
	at io.javalin.router.Endpoint.handle(Endpoint.kt:52)
	at io.javalin.router.ParsedEndpoint.handle(ParsedEndpoint.kt:15)
	at io.javalin.http.servlet.DefaultTasks.HTTP$lambda$9$lambda$7$lambda$6(DefaultTasks.kt:52)
	at io.javalin.http.servlet.JavalinServlet.handleTask(JavalinServlet.kt:99)
	at io.javalin.http.servlet.JavalinServlet.handleSync(JavalinServlet.kt:64)
	at io.javalin.http.servlet.JavalinServlet.handle(JavalinServlet.kt:50)
	at io.javalin.http.servlet.JavalinServlet.service(JavalinServlet.kt:30)
	at jakarta.servlet.http.HttpServlet.service(HttpServlet.java:587)
	at io.javalin.jetty.JavalinJettyServlet.service(JavalinJettyServlet.kt:52)
	at jakarta.servlet.http.HttpServlet.service(HttpServlet.java:587)
	at org.eclipse.jetty.servlet.ServletHolder.handle(ServletHolder.java:764)
	at org.eclipse.jetty.servlet.ServletHandler.doHandle(ServletHandler.java:529)
	at org.eclipse.jetty.server.handler.ScopedHandler.nextHandle(ScopedHandler.java:221)
	at org.eclipse.jetty.server.session.SessionHandler.doHandle(SessionHandler.java:1580)
	at org.eclipse.jetty.server.handler.ScopedHandler.nextHandle(ScopedHandler.java:221)
	at org.eclipse.jetty.server.handler.ContextHandler.doHandle(ContextHandler.java:1381)
	at org.eclipse.jetty.server.handler.ScopedHandler.nextScope(ScopedHandler.java:176)
	at org.eclipse.jetty.servlet.ServletHandler.doScope(ServletHandler.java:484)
	at org.eclipse.jetty.server.session.SessionHandler.doScope(SessionHandler.java:1553)
	at org.eclipse.jetty.server.handler.ScopedHandler.nextScope(ScopedHandler.java:174)
	at org.eclipse.jetty.server.handler.ContextHandler.doScope(ContextHandler.java:1303)
	at org.eclipse.jetty.server.handler.ScopedHandler.handle(ScopedHandler.java:129)
	at org.eclipse.jetty.server.handler.StatisticsHandler.handle(StatisticsHandler.java:173)
	at org.eclipse.jetty.server.handler.HandlerWrapper.handle(HandlerWrapper.java:122)
	at org.eclipse.jetty.server.Server.handle(Server.java:563)
	at org.eclipse.jetty.server.HttpChannel$RequestDispatchable.dispatch(HttpChannel.java:1598)
	at org.eclipse.jetty.server.HttpChannel.dispatch(HttpChannel.java:753)
	at org.eclipse.jetty.server.HttpChannel.handle(HttpChannel.java:501)
	at org.eclipse.jetty.server.HttpConnection.onFillable(HttpConnection.java:287)
	at org.eclipse.jetty.io.AbstractConnection$ReadCallback.succeeded(AbstractConnection.java:314)
	at org.eclipse.jetty.io.FillInterest.fillable(FillInterest.java:100)
	at org.eclipse.jetty.io.SelectableChannelEndPoint$1.run(SelectableChannelEndPoint.java:53)
	at org.eclipse.jetty.util.thread.strategy.AdaptiveExecutionStrategy.runTask(AdaptiveExecutionStrategy.java:421)
	at org.eclipse.jetty.util.thread.strategy.AdaptiveExecutionStrategy.consumeTask(AdaptiveExecutionStrategy.java:390)
	at org.eclipse.jetty.util.thread.strategy.AdaptiveExecutionStrategy.tryProduce(AdaptiveExecutionStrategy.java:277)
	at org.eclipse.jetty.util.thread.strategy.AdaptiveExecutionStrategy.produce(AdaptiveExecutionStrategy.java:193)
	at org.eclipse.jetty.util.thread.QueuedThreadPool.runJob(QueuedThreadPool.java:969)
	at org.eclipse.jetty.util.thread.QueuedThreadPool$Runner.doRunJob(QueuedThreadPool.java:1194)
	at org.eclipse.jetty.util.thread.QueuedThreadPool$Runner.run(QueuedThreadPool.java:1149)
	at java.base/java.lang.Thread.run(Thread.java:840)
2025-11-10 00:54:44 [JettyServerThreadPool-43] WARN  io.javalin.Javalin - Uncaught exception
org.hibernate.LazyInitializationException: failed to lazily initialize a collection of role: app.entities.Candidate.skills: could not initialize proxy - no Session
	at org.hibernate.collection.spi.AbstractPersistentCollection.throwLazyInitializationException(AbstractPersistentCollection.java:635)
	at org.hibernate.collection.spi.AbstractPersistentCollection.withTemporarySessionIfNeeded(AbstractPersistentCollection.java:218)
	at org.hibernate.collection.spi.AbstractPersistentCollection.initialize(AbstractPersistentCollection.java:615)
	at org.hibernate.collection.spi.AbstractPersistentCollection.read(AbstractPersistentCollection.java:136)
	at org.hibernate.collection.spi.PersistentBag.iterator(PersistentBag.java:371)
	at java.base/java.util.Spliterators$IteratorSpliterator.estimateSize(Spliterators.java:1865)
	at java.base/java.util.Spliterator.getExactSizeIfKnown(Spliterator.java:414)
	at java.base/java.util.stream.AbstractPipeline.copyIntoWithCancel(AbstractPipeline.java:526)
	at java.base/java.util.stream.AbstractPipeline.copyInto(AbstractPipeline.java:513)
	at java.base/java.util.stream.AbstractPipeline.wrapAndCopyInto(AbstractPipeline.java:499)
	at java.base/java.util.stream.MatchOps$MatchOp.evaluateSequential(MatchOps.java:230)
	at java.base/java.util.stream.MatchOps$MatchOp.evaluateSequential(MatchOps.java:196)
	at java.base/java.util.stream.AbstractPipeline.evaluate(AbstractPipeline.java:234)
	at java.base/java.util.stream.ReferencePipeline.anyMatch(ReferencePipeline.java:632)
	at app.services.CandidateService.lambda$filterCandidatesByCategory$2(CandidateService.java:144)
	at java.base/java.util.stream.ReferencePipeline$2$1.accept(ReferencePipeline.java:178)
	at java.base/java.util.ArrayList$ArrayListSpliterator.forEachRemaining(ArrayList.java:1625)
	at java.base/java.util.stream.AbstractPipeline.copyInto(AbstractPipeline.java:509)
	at java.base/java.util.stream.AbstractPipeline.wrapAndCopyInto(AbstractPipeline.java:499)
	at java.base/java.util.stream.ReduceOps$ReduceOp.evaluateSequential(ReduceOps.java:921)
	at java.base/java.util.stream.AbstractPipeline.evaluate(AbstractPipeline.java:234)
	at java.base/java.util.stream.ReferencePipeline.collect(ReferencePipeline.java:682)
	at app.services.CandidateService.filterCandidatesByCategory(CandidateService.java:146)
	at app.controllers.CandidateController.lambda$filterCandidateByCategory$6(CandidateController.java:120)
	at app.routes.CandidateRoutes.lambda$getRoutes$0(CandidateRoutes.java:27)
	at io.javalin.router.Endpoint.handle(Endpoint.kt:52)
	at io.javalin.router.ParsedEndpoint.handle(ParsedEndpoint.kt:15)
	at io.javalin.http.servlet.DefaultTasks.HTTP$lambda$9$lambda$7$lambda$6(DefaultTasks.kt:52)
	at io.javalin.http.servlet.JavalinServlet.handleTask(JavalinServlet.kt:99)
	at io.javalin.http.servlet.JavalinServlet.handleSync(JavalinServlet.kt:64)
	at io.javalin.http.servlet.JavalinServlet.handle(JavalinServlet.kt:50)
	at io.javalin.http.servlet.JavalinServlet.service(JavalinServlet.kt:30)
	at jakarta.servlet.http.HttpServlet.service(HttpServlet.java:587)
	at io.javalin.jetty.JavalinJettyServlet.service(JavalinJettyServlet.kt:52)
	at jakarta.servlet.http.HttpServlet.service(HttpServlet.java:587)
	at org.eclipse.jetty.servlet.ServletHolder.handle(ServletHolder.java:764)
	at org.eclipse.jetty.servlet.ServletHandler.doHandle(ServletHandler.java:529)
	at org.eclipse.jetty.server.handler.ScopedHandler.nextHandle(ScopedHandler.java:221)
	at org.eclipse.jetty.server.session.SessionHandler.doHandle(SessionHandler.java:1580)
	at org.eclipse.jetty.server.handler.ScopedHandler.nextHandle(ScopedHandler.java:221)
	at org.eclipse.jetty.server.handler.ContextHandler.doHandle(ContextHandler.java:1381)
	at org.eclipse.jetty.server.handler.ScopedHandler.nextScope(ScopedHandler.java:176)
	at org.eclipse.jetty.servlet.ServletHandler.doScope(ServletHandler.java:484)
	at org.eclipse.jetty.server.session.SessionHandler.doScope(SessionHandler.java:1553)
	at org.eclipse.jetty.server.handler.ScopedHandler.nextScope(ScopedHandler.java:174)
	at org.eclipse.jetty.server.handler.ContextHandler.doScope(ContextHandler.java:1303)
	at org.eclipse.jetty.server.handler.ScopedHandler.handle(ScopedHandler.java:129)
	at org.eclipse.jetty.server.handler.StatisticsHandler.handle(StatisticsHandler.java:173)
	at org.eclipse.jetty.server.handler.HandlerWrapper.handle(HandlerWrapper.java:122)
	at org.eclipse.jetty.server.Server.handle(Server.java:563)
	at org.eclipse.jetty.server.HttpChannel$RequestDispatchable.dispatch(HttpChannel.java:1598)
	at org.eclipse.jetty.server.HttpChannel.dispatch(HttpChannel.java:753)
	at org.eclipse.jetty.server.HttpChannel.handle(HttpChannel.java:501)
	at org.eclipse.jetty.server.HttpConnection.onFillable(HttpConnection.java:287)
	at org.eclipse.jetty.io.AbstractConnection$ReadCallback.succeeded(AbstractConnection.java:314)
	at org.eclipse.jetty.io.FillInterest.fillable(FillInterest.java:100)
	at org.eclipse.jetty.io.SelectableChannelEndPoint$1.run(SelectableChannelEndPoint.java:53)
	at org.eclipse.jetty.util.thread.strategy.AdaptiveExecutionStrategy.runTask(AdaptiveExecutionStrategy.java:421)
	at org.eclipse.jetty.util.thread.strategy.AdaptiveExecutionStrategy.consumeTask(AdaptiveExecutionStrategy.java:390)
	at org.eclipse.jetty.util.thread.strategy.AdaptiveExecutionStrategy.tryProduce(AdaptiveExecutionStrategy.java:277)
	at org.eclipse.jetty.util.thread.strategy.AdaptiveExecutionStrategy.run(AdaptiveExecutionStrategy.java:199)
	at org.eclipse.jetty.util.thread.ReservedThreadExecutor$ReservedThread.run(ReservedThreadExecutor.java:411)
	at org.eclipse.jetty.util.thread.QueuedThreadPool.runJob(QueuedThreadPool.java:969)
	at org.eclipse.jetty.util.thread.QueuedThreadPool$Runner.doRunJob(QueuedThreadPool.java:1194)
	at org.eclipse.jetty.util.thread.QueuedThreadPool$Runner.run(QueuedThreadPool.java:1149)
	at java.base/java.lang.Thread.run(Thread.java:840)
2025-11-10 00:56:23 [JettyServerThreadPool-35] INFO  app.controllers.CandidateController - Request to create a new candidate
2025-11-10 00:56:23 [JettyServerThreadPool-35] DEBUG app.controllers.CandidateController - Candidate request body is CandidateDTO(id=null, name=Boris Backer, phone=555-1234, educationBackground=BSc Computer Science, skills=[])
2025-11-10 00:56:23 [JettyServerThreadPool-35] INFO  app.controllers.CandidateController - Candidate created successfully CandidateDTO(id=4, name=Boris Backer, phone=555-1234, educationBackground=BSc Computer Science, skills=[])
2025-11-10 00:59:08 [JettyServerThreadPool-30] WARN  io.javalin.Javalin - Uncaught exception
org.hibernate.LazyInitializationException: failed to lazily initialize a collection of role: app.entities.Candidate.skills: could not initialize proxy - no Session
	at org.hibernate.collection.spi.AbstractPersistentCollection.throwLazyInitializationException(AbstractPersistentCollection.java:635)
	at org.hibernate.collection.spi.AbstractPersistentCollection.withTemporarySessionIfNeeded(AbstractPersistentCollection.java:218)
	at org.hibernate.collection.spi.AbstractPersistentCollection.initialize(AbstractPersistentCollection.java:615)
	at org.hibernate.collection.spi.AbstractPersistentCollection.read(AbstractPersistentCollection.java:136)
	at org.hibernate.collection.spi.PersistentBag.iterator(PersistentBag.java:371)
	at java.base/java.util.Spliterators$IteratorSpliterator.estimateSize(Spliterators.java:1865)
	at java.base/java.util.Spliterator.getExactSizeIfKnown(Spliterator.java:414)
	at java.base/java.util.stream.AbstractPipeline.copyIntoWithCancel(AbstractPipeline.java:526)
	at java.base/java.util.stream.AbstractPipeline.copyInto(AbstractPipeline.java:513)
	at java.base/java.util.stream.AbstractPipeline.wrapAndCopyInto(AbstractPipeline.java:499)
	at java.base/java.util.stream.MatchOps$MatchOp.evaluateSequential(MatchOps.java:230)
	at java.base/java.util.stream.MatchOps$MatchOp.evaluateSequential(MatchOps.java:196)
	at java.base/java.util.stream.AbstractPipeline.evaluate(AbstractPipeline.java:234)
	at java.base/java.util.stream.ReferencePipeline.anyMatch(ReferencePipeline.java:632)
	at app.services.CandidateService.lambda$filterCandidatesByCategory$2(CandidateService.java:144)
	at java.base/java.util.stream.ReferencePipeline$2$1.accept(ReferencePipeline.java:178)
	at java.base/java.util.ArrayList$ArrayListSpliterator.forEachRemaining(ArrayList.java:1625)
	at java.base/java.util.stream.AbstractPipeline.copyInto(AbstractPipeline.java:509)
	at java.base/java.util.stream.AbstractPipeline.wrapAndCopyInto(AbstractPipeline.java:499)
	at java.base/java.util.stream.ReduceOps$ReduceOp.evaluateSequential(ReduceOps.java:921)
	at java.base/java.util.stream.AbstractPipeline.evaluate(AbstractPipeline.java:234)
	at java.base/java.util.stream.ReferencePipeline.collect(ReferencePipeline.java:682)
	at app.services.CandidateService.filterCandidatesByCategory(CandidateService.java:146)
	at app.controllers.CandidateController.lambda$filterCandidateByCategory$6(CandidateController.java:120)
	at app.routes.CandidateRoutes.lambda$getRoutes$0(CandidateRoutes.java:27)
	at io.javalin.router.Endpoint.handle(Endpoint.kt:52)
	at io.javalin.router.ParsedEndpoint.handle(ParsedEndpoint.kt:15)
	at io.javalin.http.servlet.DefaultTasks.HTTP$lambda$9$lambda$7$lambda$6(DefaultTasks.kt:52)
	at io.javalin.http.servlet.JavalinServlet.handleTask(JavalinServlet.kt:99)
	at io.javalin.http.servlet.JavalinServlet.handleSync(JavalinServlet.kt:64)
	at io.javalin.http.servlet.JavalinServlet.handle(JavalinServlet.kt:50)
	at io.javalin.http.servlet.JavalinServlet.service(JavalinServlet.kt:30)
	at jakarta.servlet.http.HttpServlet.service(HttpServlet.java:587)
	at io.javalin.jetty.JavalinJettyServlet.service(JavalinJettyServlet.kt:52)
	at jakarta.servlet.http.HttpServlet.service(HttpServlet.java:587)
	at org.eclipse.jetty.servlet.ServletHolder.handle(ServletHolder.java:764)
	at org.eclipse.jetty.servlet.ServletHandler.doHandle(ServletHandler.java:529)
	at org.eclipse.jetty.server.handler.ScopedHandler.nextHandle(ScopedHandler.java:221)
	at org.eclipse.jetty.server.session.SessionHandler.doHandle(SessionHandler.java:1580)
	at org.eclipse.jetty.server.handler.ScopedHandler.nextHandle(ScopedHandler.java:221)
	at org.eclipse.jetty.server.handler.ContextHandler.doHandle(ContextHandler.java:1381)
	at org.eclipse.jetty.server.handler.ScopedHandler.nextScope(ScopedHandler.java:176)
	at org.eclipse.jetty.servlet.ServletHandler.doScope(ServletHandler.java:484)
	at org.eclipse.jetty.server.session.SessionHandler.doScope(SessionHandler.java:1553)
	at org.eclipse.jetty.server.handler.ScopedHandler.nextScope(ScopedHandler.java:174)
	at org.eclipse.jetty.server.handler.ContextHandler.doScope(ContextHandler.java:1303)
	at org.eclipse.jetty.server.handler.ScopedHandler.handle(ScopedHandler.java:129)
	at org.eclipse.jetty.server.handler.StatisticsHandler.handle(StatisticsHandler.java:173)
	at org.eclipse.jetty.server.handler.HandlerWrapper.handle(HandlerWrapper.java:122)
	at org.eclipse.jetty.server.Server.handle(Server.java:563)
	at org.eclipse.jetty.server.HttpChannel$RequestDispatchable.dispatch(HttpChannel.java:1598)
	at org.eclipse.jetty.server.HttpChannel.dispatch(HttpChannel.java:753)
	at org.eclipse.jetty.server.HttpChannel.handle(HttpChannel.java:501)
	at org.eclipse.jetty.server.HttpConnection.onFillable(HttpConnection.java:287)
	at org.eclipse.jetty.io.AbstractConnection$ReadCallback.succeeded(AbstractConnection.java:314)
	at org.eclipse.jetty.io.FillInterest.fillable(FillInterest.java:100)
	at org.eclipse.jetty.io.SelectableChannelEndPoint$1.run(SelectableChannelEndPoint.java:53)
	at org.eclipse.jetty.util.thread.strategy.AdaptiveExecutionStrategy.runTask(AdaptiveExecutionStrategy.java:421)
	at org.eclipse.jetty.util.thread.strategy.AdaptiveExecutionStrategy.consumeTask(AdaptiveExecutionStrategy.java:390)
	at org.eclipse.jetty.util.thread.strategy.AdaptiveExecutionStrategy.tryProduce(AdaptiveExecutionStrategy.java:277)
	at org.eclipse.jetty.util.thread.strategy.AdaptiveExecutionStrategy.run(AdaptiveExecutionStrategy.java:199)
	at org.eclipse.jetty.util.thread.ReservedThreadExecutor$ReservedThread.run(ReservedThreadExecutor.java:411)
	at org.eclipse.jetty.util.thread.QueuedThreadPool.runJob(QueuedThreadPool.java:969)
	at org.eclipse.jetty.util.thread.QueuedThreadPool$Runner.doRunJob(QueuedThreadPool.java:1194)
	at org.eclipse.jetty.util.thread.QueuedThreadPool$Runner.run(QueuedThreadPool.java:1149)
	at java.base/java.lang.Thread.run(Thread.java:840)
2025-11-10 00:59:42 [main] INFO  org.hibernate.Version - HHH000412: Hibernate ORM core version 6.2.4.Final
2025-11-10 00:59:42 [main] INFO  org.hibernate.cfg.Environment - HHH000406: Using bytecode reflection optimizer
2025-11-10 00:59:43 [main] WARN  o.hibernate.orm.connections.pooling - HHH10001002: Using built-in connection pool (not intended for production use)
2025-11-10 00:59:43 [main] INFO  o.hibernate.orm.connections.pooling - HHH10001005: Loaded JDBC driver class: org.postgresql.Driver
2025-11-10 00:59:43 [main] INFO  o.hibernate.orm.connections.pooling - HHH10001012: Connecting with JDBC URL [jdbc:postgresql://localhost:5432/candidate_matcher]
2025-11-10 00:59:43 [main] INFO  o.hibernate.orm.connections.pooling - HHH10001001: Connection properties: {password=****, user=postgres}
2025-11-10 00:59:43 [main] INFO  o.hibernate.orm.connections.pooling - HHH10001003: Autocommit mode: false
2025-11-10 00:59:43 [main] INFO  o.hibernate.orm.connections.pooling - HHH10001115: Connection pool size: 20 (min=1)
2025-11-10 00:59:43 [main] INFO  o.h.b.i.BytecodeProviderInitiator - HHH000021: Bytecode provider name : bytebuddy
2025-11-10 00:59:44 [main] INFO  o.hibernate.orm.connections.access - HHH10001501: Connection obtained from JdbcConnectionAccess [org.hibernate.engine.jdbc.env.internal.JdbcEnvironmentInitiator$ConnectionProviderJdbcConnectionAccess@231df705] for (non-JTA) DDL execution was not in auto-commit mode; the Connection 'local transaction' will be committed and the Connection will be set into auto-commit mode.
2025-11-10 00:59:44 [main] INFO  io.javalin.Javalin - Starting Javalin ...
2025-11-10 00:59:44 [main] INFO  org.eclipse.jetty.server.Server - jetty-11.0.24; built: 2024-08-26T18:11:22.448Z; git: 5dfc59a691b748796f922208956bd1f2794bcd16; jvm 17.0.16+8-LTS
2025-11-10 00:59:44 [main] INFO  o.e.j.s.s.DefaultSessionIdManager - Session workerName=node0
2025-11-10 00:59:44 [main] INFO  o.e.j.server.handler.ContextHandler - Started o.e.j.s.ServletContextHandler@2b936b04{/api/v1,null,AVAILABLE}
2025-11-10 00:59:44 [main] INFO  o.e.jetty.server.AbstractConnector - Started ServerConnector@d16209e{HTTP/1.1, (http/1.1)}{0.0.0.0:7070}
2025-11-10 00:59:44 [main] INFO  org.eclipse.jetty.server.Server - Started Server@5c25d0d1{STARTING}[11.0.24,sto=0] @1678ms
2025-11-10 00:59:44 [main] INFO  io.javalin.Javalin - Javalin started in 115ms \o/
2025-11-10 00:59:44 [main] INFO  io.javalin.Javalin - Listening on http://localhost:7070/api/v1
2025-11-10 00:59:44 [main] INFO  io.javalin.Javalin - You are running Javalin 6.4.0 (released December 17, 2024. Your Javalin version is 327 days old. Consider checking for a newer version.).
2025-11-10 01:00:26 [JettyServerThreadPool-30] WARN  io.javalin.Javalin - Uncaught exception
org.hibernate.LazyInitializationException: failed to lazily initialize a collection of role: app.entities.Candidate.skills: could not initialize proxy - no Session
	at org.hibernate.collection.spi.AbstractPersistentCollection.throwLazyInitializationException(AbstractPersistentCollection.java:635)
	at org.hibernate.collection.spi.AbstractPersistentCollection.withTemporarySessionIfNeeded(AbstractPersistentCollection.java:218)
	at org.hibernate.collection.spi.AbstractPersistentCollection.initialize(AbstractPersistentCollection.java:615)
	at org.hibernate.collection.spi.AbstractPersistentCollection.read(AbstractPersistentCollection.java:136)
	at org.hibernate.collection.spi.PersistentBag.iterator(PersistentBag.java:371)
	at java.base/java.util.Spliterators$IteratorSpliterator.estimateSize(Spliterators.java:1865)
	at java.base/java.util.Spliterator.getExactSizeIfKnown(Spliterator.java:414)
	at java.base/java.util.stream.AbstractPipeline.copyIntoWithCancel(AbstractPipeline.java:526)
	at java.base/java.util.stream.AbstractPipeline.copyInto(AbstractPipeline.java:513)
	at java.base/java.util.stream.AbstractPipeline.wrapAndCopyInto(AbstractPipeline.java:499)
	at java.base/java.util.stream.MatchOps$MatchOp.evaluateSequential(MatchOps.java:230)
	at java.base/java.util.stream.MatchOps$MatchOp.evaluateSequential(MatchOps.java:196)
	at java.base/java.util.stream.AbstractPipeline.evaluate(AbstractPipeline.java:234)
	at java.base/java.util.stream.ReferencePipeline.anyMatch(ReferencePipeline.java:632)
	at app.services.CandidateService.lambda$filterCandidatesByCategory$2(CandidateService.java:144)
	at java.base/java.util.stream.ReferencePipeline$2$1.accept(ReferencePipeline.java:178)
	at java.base/java.util.ArrayList$ArrayListSpliterator.forEachRemaining(ArrayList.java:1625)
	at java.base/java.util.stream.AbstractPipeline.copyInto(AbstractPipeline.java:509)
	at java.base/java.util.stream.AbstractPipeline.wrapAndCopyInto(AbstractPipeline.java:499)
	at java.base/java.util.stream.ReduceOps$ReduceOp.evaluateSequential(ReduceOps.java:921)
	at java.base/java.util.stream.AbstractPipeline.evaluate(AbstractPipeline.java:234)
	at java.base/java.util.stream.ReferencePipeline.collect(ReferencePipeline.java:682)
	at app.services.CandidateService.filterCandidatesByCategory(CandidateService.java:146)
	at app.controllers.CandidateController.lambda$filterCandidateByCategory$6(CandidateController.java:120)
	at app.routes.CandidateRoutes.lambda$getRoutes$0(CandidateRoutes.java:27)
	at io.javalin.router.Endpoint.handle(Endpoint.kt:52)
	at io.javalin.router.ParsedEndpoint.handle(ParsedEndpoint.kt:15)
	at io.javalin.http.servlet.DefaultTasks.HTTP$lambda$9$lambda$7$lambda$6(DefaultTasks.kt:52)
	at io.javalin.http.servlet.JavalinServlet.handleTask(JavalinServlet.kt:99)
	at io.javalin.http.servlet.JavalinServlet.handleSync(JavalinServlet.kt:64)
	at io.javalin.http.servlet.JavalinServlet.handle(JavalinServlet.kt:50)
	at io.javalin.http.servlet.JavalinServlet.service(JavalinServlet.kt:30)
	at jakarta.servlet.http.HttpServlet.service(HttpServlet.java:587)
	at io.javalin.jetty.JavalinJettyServlet.service(JavalinJettyServlet.kt:52)
	at jakarta.servlet.http.HttpServlet.service(HttpServlet.java:587)
	at org.eclipse.jetty.servlet.ServletHolder.handle(ServletHolder.java:764)
	at org.eclipse.jetty.servlet.ServletHandler.doHandle(ServletHandler.java:529)
	at org.eclipse.jetty.server.handler.ScopedHandler.nextHandle(ScopedHandler.java:221)
	at org.eclipse.jetty.server.session.SessionHandler.doHandle(SessionHandler.java:1580)
	at org.eclipse.jetty.server.handler.ScopedHandler.nextHandle(ScopedHandler.java:221)
	at org.eclipse.jetty.server.handler.ContextHandler.doHandle(ContextHandler.java:1381)
	at org.eclipse.jetty.server.handler.ScopedHandler.nextScope(ScopedHandler.java:176)
	at org.eclipse.jetty.servlet.ServletHandler.doScope(ServletHandler.java:484)
	at org.eclipse.jetty.server.session.SessionHandler.doScope(SessionHandler.java:1553)
	at org.eclipse.jetty.server.handler.ScopedHandler.nextScope(ScopedHandler.java:174)
	at org.eclipse.jetty.server.handler.ContextHandler.doScope(ContextHandler.java:1303)
	at org.eclipse.jetty.server.handler.ScopedHandler.handle(ScopedHandler.java:129)
	at org.eclipse.jetty.server.handler.StatisticsHandler.handle(StatisticsHandler.java:173)
	at org.eclipse.jetty.server.handler.HandlerWrapper.handle(HandlerWrapper.java:122)
	at org.eclipse.jetty.server.Server.handle(Server.java:563)
	at org.eclipse.jetty.server.HttpChannel$RequestDispatchable.dispatch(HttpChannel.java:1598)
	at org.eclipse.jetty.server.HttpChannel.dispatch(HttpChannel.java:753)
	at org.eclipse.jetty.server.HttpChannel.handle(HttpChannel.java:501)
	at org.eclipse.jetty.server.HttpConnection.onFillable(HttpConnection.java:287)
	at org.eclipse.jetty.io.AbstractConnection$ReadCallback.succeeded(AbstractConnection.java:314)
	at org.eclipse.jetty.io.FillInterest.fillable(FillInterest.java:100)
	at org.eclipse.jetty.io.SelectableChannelEndPoint$1.run(SelectableChannelEndPoint.java:53)
	at org.eclipse.jetty.util.thread.strategy.AdaptiveExecutionStrategy.runTask(AdaptiveExecutionStrategy.java:421)
	at org.eclipse.jetty.util.thread.strategy.AdaptiveExecutionStrategy.consumeTask(AdaptiveExecutionStrategy.java:390)
	at org.eclipse.jetty.util.thread.strategy.AdaptiveExecutionStrategy.tryProduce(AdaptiveExecutionStrategy.java:277)
	at org.eclipse.jetty.util.thread.strategy.AdaptiveExecutionStrategy.produce(AdaptiveExecutionStrategy.java:193)
	at org.eclipse.jetty.util.thread.QueuedThreadPool.runJob(QueuedThreadPool.java:969)
	at org.eclipse.jetty.util.thread.QueuedThreadPool$Runner.doRunJob(QueuedThreadPool.java:1194)
	at org.eclipse.jetty.util.thread.QueuedThreadPool$Runner.run(QueuedThreadPool.java:1149)
	at java.base/java.lang.Thread.run(Thread.java:840)
2025-11-10 01:00:50 [main] INFO  org.hibernate.Version - HHH000412: Hibernate ORM core version 6.2.4.Final
2025-11-10 01:00:50 [main] INFO  org.hibernate.cfg.Environment - HHH000406: Using bytecode reflection optimizer
2025-11-10 01:00:50 [main] WARN  o.hibernate.orm.connections.pooling - HHH10001002: Using built-in connection pool (not intended for production use)
2025-11-10 01:00:50 [main] INFO  o.hibernate.orm.connections.pooling - HHH10001005: Loaded JDBC driver class: org.postgresql.Driver
2025-11-10 01:00:50 [main] INFO  o.hibernate.orm.connections.pooling - HHH10001012: Connecting with JDBC URL [jdbc:postgresql://localhost:5432/candidate_matcher]
2025-11-10 01:00:50 [main] INFO  o.hibernate.orm.connections.pooling - HHH10001001: Connection properties: {password=****, user=postgres}
2025-11-10 01:00:50 [main] INFO  o.hibernate.orm.connections.pooling - HHH10001003: Autocommit mode: false
2025-11-10 01:00:50 [main] INFO  o.hibernate.orm.connections.pooling - HHH10001115: Connection pool size: 20 (min=1)
2025-11-10 01:00:51 [main] INFO  o.h.b.i.BytecodeProviderInitiator - HHH000021: Bytecode provider name : bytebuddy
2025-11-10 01:00:51 [main] INFO  o.hibernate.orm.connections.access - HHH10001501: Connection obtained from JdbcConnectionAccess [org.hibernate.engine.jdbc.env.internal.JdbcEnvironmentInitiator$ConnectionProviderJdbcConnectionAccess@1373e3ee] for (non-JTA) DDL execution was not in auto-commit mode; the Connection 'local transaction' will be committed and the Connection will be set into auto-commit mode.
2025-11-10 01:00:51 [main] INFO  io.javalin.Javalin - Starting Javalin ...
2025-11-10 01:00:51 [main] INFO  org.eclipse.jetty.server.Server - jetty-11.0.24; built: 2024-08-26T18:11:22.448Z; git: 5dfc59a691b748796f922208956bd1f2794bcd16; jvm 17.0.16+8-LTS
2025-11-10 01:00:51 [main] INFO  o.e.j.s.s.DefaultSessionIdManager - Session workerName=node0
2025-11-10 01:00:51 [main] INFO  o.e.j.server.handler.ContextHandler - Started o.e.j.s.ServletContextHandler@e881e46{/api/v1,null,AVAILABLE}
2025-11-10 01:00:51 [main] INFO  o.e.jetty.server.AbstractConnector - Started ServerConnector@2aa6bbad{HTTP/1.1, (http/1.1)}{0.0.0.0:7070}
2025-11-10 01:00:51 [main] INFO  org.eclipse.jetty.server.Server - Started Server@7e2bc2f4{STARTING}[11.0.24,sto=0] @1679ms
2025-11-10 01:00:51 [main] INFO  io.javalin.Javalin - Javalin started in 112ms \o/
2025-11-10 01:00:51 [main] INFO  io.javalin.Javalin - Listening on http://localhost:7070/api/v1
2025-11-10 01:00:51 [main] INFO  io.javalin.Javalin - You are running Javalin 6.4.0 (released December 17, 2024. Your Javalin version is 327 days old. Consider checking for a newer version.).
2025-11-10 01:01:09 [JettyServerThreadPool-30] WARN  io.javalin.Javalin - Uncaught exception
org.hibernate.LazyInitializationException: failed to lazily initialize a collection of role: app.entities.Candidate.skills: could not initialize proxy - no Session
	at org.hibernate.collection.spi.AbstractPersistentCollection.throwLazyInitializationException(AbstractPersistentCollection.java:635)
	at org.hibernate.collection.spi.AbstractPersistentCollection.withTemporarySessionIfNeeded(AbstractPersistentCollection.java:218)
	at org.hibernate.collection.spi.AbstractPersistentCollection.initialize(AbstractPersistentCollection.java:615)
	at org.hibernate.collection.spi.AbstractPersistentCollection.read(AbstractPersistentCollection.java:136)
	at org.hibernate.collection.spi.PersistentBag.iterator(PersistentBag.java:371)
	at java.base/java.util.Spliterators$IteratorSpliterator.estimateSize(Spliterators.java:1865)
	at java.base/java.util.Spliterator.getExactSizeIfKnown(Spliterator.java:414)
	at java.base/java.util.stream.AbstractPipeline.copyIntoWithCancel(AbstractPipeline.java:526)
	at java.base/java.util.stream.AbstractPipeline.copyInto(AbstractPipeline.java:513)
	at java.base/java.util.stream.AbstractPipeline.wrapAndCopyInto(AbstractPipeline.java:499)
	at java.base/java.util.stream.MatchOps$MatchOp.evaluateSequential(MatchOps.java:230)
	at java.base/java.util.stream.MatchOps$MatchOp.evaluateSequential(MatchOps.java:196)
	at java.base/java.util.stream.AbstractPipeline.evaluate(AbstractPipeline.java:234)
	at java.base/java.util.stream.ReferencePipeline.anyMatch(ReferencePipeline.java:632)
	at app.services.CandidateService.lambda$filterCandidatesByCategory$2(CandidateService.java:144)
	at java.base/java.util.stream.ReferencePipeline$2$1.accept(ReferencePipeline.java:178)
	at java.base/java.util.ArrayList$ArrayListSpliterator.forEachRemaining(ArrayList.java:1625)
	at java.base/java.util.stream.AbstractPipeline.copyInto(AbstractPipeline.java:509)
	at java.base/java.util.stream.AbstractPipeline.wrapAndCopyInto(AbstractPipeline.java:499)
	at java.base/java.util.stream.ReduceOps$ReduceOp.evaluateSequential(ReduceOps.java:921)
	at java.base/java.util.stream.AbstractPipeline.evaluate(AbstractPipeline.java:234)
	at java.base/java.util.stream.ReferencePipeline.collect(ReferencePipeline.java:682)
	at app.services.CandidateService.filterCandidatesByCategory(CandidateService.java:146)
	at app.controllers.CandidateController.lambda$filterCandidateByCategory$6(CandidateController.java:120)
	at app.routes.CandidateRoutes.lambda$getRoutes$0(CandidateRoutes.java:27)
	at io.javalin.router.Endpoint.handle(Endpoint.kt:52)
	at io.javalin.router.ParsedEndpoint.handle(ParsedEndpoint.kt:15)
	at io.javalin.http.servlet.DefaultTasks.HTTP$lambda$9$lambda$7$lambda$6(DefaultTasks.kt:52)
	at io.javalin.http.servlet.JavalinServlet.handleTask(JavalinServlet.kt:99)
	at io.javalin.http.servlet.JavalinServlet.handleSync(JavalinServlet.kt:64)
	at io.javalin.http.servlet.JavalinServlet.handle(JavalinServlet.kt:50)
	at io.javalin.http.servlet.JavalinServlet.service(JavalinServlet.kt:30)
	at jakarta.servlet.http.HttpServlet.service(HttpServlet.java:587)
	at io.javalin.jetty.JavalinJettyServlet.service(JavalinJettyServlet.kt:52)
	at jakarta.servlet.http.HttpServlet.service(HttpServlet.java:587)
	at org.eclipse.jetty.servlet.ServletHolder.handle(ServletHolder.java:764)
	at org.eclipse.jetty.servlet.ServletHandler.doHandle(ServletHandler.java:529)
	at org.eclipse.jetty.server.handler.ScopedHandler.nextHandle(ScopedHandler.java:221)
	at org.eclipse.jetty.server.session.SessionHandler.doHandle(SessionHandler.java:1580)
	at org.eclipse.jetty.server.handler.ScopedHandler.nextHandle(ScopedHandler.java:221)
	at org.eclipse.jetty.server.handler.ContextHandler.doHandle(ContextHandler.java:1381)
	at org.eclipse.jetty.server.handler.ScopedHandler.nextScope(ScopedHandler.java:176)
	at org.eclipse.jetty.servlet.ServletHandler.doScope(ServletHandler.java:484)
	at org.eclipse.jetty.server.session.SessionHandler.doScope(SessionHandler.java:1553)
	at org.eclipse.jetty.server.handler.ScopedHandler.nextScope(ScopedHandler.java:174)
	at org.eclipse.jetty.server.handler.ContextHandler.doScope(ContextHandler.java:1303)
	at org.eclipse.jetty.server.handler.ScopedHandler.handle(ScopedHandler.java:129)
	at org.eclipse.jetty.server.handler.StatisticsHandler.handle(StatisticsHandler.java:173)
	at org.eclipse.jetty.server.handler.HandlerWrapper.handle(HandlerWrapper.java:122)
	at org.eclipse.jetty.server.Server.handle(Server.java:563)
	at org.eclipse.jetty.server.HttpChannel$RequestDispatchable.dispatch(HttpChannel.java:1598)
	at org.eclipse.jetty.server.HttpChannel.dispatch(HttpChannel.java:753)
	at org.eclipse.jetty.server.HttpChannel.handle(HttpChannel.java:501)
	at org.eclipse.jetty.server.HttpConnection.onFillable(HttpConnection.java:287)
	at org.eclipse.jetty.io.AbstractConnection$ReadCallback.succeeded(AbstractConnection.java:314)
	at org.eclipse.jetty.io.FillInterest.fillable(FillInterest.java:100)
	at org.eclipse.jetty.io.SelectableChannelEndPoint$1.run(SelectableChannelEndPoint.java:53)
	at org.eclipse.jetty.util.thread.strategy.AdaptiveExecutionStrategy.runTask(AdaptiveExecutionStrategy.java:421)
	at org.eclipse.jetty.util.thread.strategy.AdaptiveExecutionStrategy.consumeTask(AdaptiveExecutionStrategy.java:390)
	at org.eclipse.jetty.util.thread.strategy.AdaptiveExecutionStrategy.tryProduce(AdaptiveExecutionStrategy.java:277)
	at org.eclipse.jetty.util.thread.strategy.AdaptiveExecutionStrategy.produce(AdaptiveExecutionStrategy.java:193)
	at org.eclipse.jetty.util.thread.QueuedThreadPool.runJob(QueuedThreadPool.java:969)
	at org.eclipse.jetty.util.thread.QueuedThreadPool$Runner.doRunJob(QueuedThreadPool.java:1194)
	at org.eclipse.jetty.util.thread.QueuedThreadPool$Runner.run(QueuedThreadPool.java:1149)
	at java.base/java.lang.Thread.run(Thread.java:840)
2025-11-10 01:13:03 [JettyServerThreadPool-46] WARN  io.javalin.Javalin - Uncaught exception
org.hibernate.LazyInitializationException: failed to lazily initialize a collection of role: app.entities.Candidate.skills: could not initialize proxy - no Session
	at org.hibernate.collection.spi.AbstractPersistentCollection.throwLazyInitializationException(AbstractPersistentCollection.java:635)
	at org.hibernate.collection.spi.AbstractPersistentCollection.withTemporarySessionIfNeeded(AbstractPersistentCollection.java:218)
	at org.hibernate.collection.spi.AbstractPersistentCollection.initialize(AbstractPersistentCollection.java:615)
	at org.hibernate.collection.spi.AbstractPersistentCollection.read(AbstractPersistentCollection.java:136)
	at org.hibernate.collection.spi.PersistentBag.iterator(PersistentBag.java:371)
	at java.base/java.util.Spliterators$IteratorSpliterator.estimateSize(Spliterators.java:1865)
	at java.base/java.util.Spliterator.getExactSizeIfKnown(Spliterator.java:414)
	at java.base/java.util.stream.AbstractPipeline.copyIntoWithCancel(AbstractPipeline.java:526)
	at java.base/java.util.stream.AbstractPipeline.copyInto(AbstractPipeline.java:513)
	at java.base/java.util.stream.AbstractPipeline.wrapAndCopyInto(AbstractPipeline.java:499)
	at java.base/java.util.stream.MatchOps$MatchOp.evaluateSequential(MatchOps.java:230)
	at java.base/java.util.stream.MatchOps$MatchOp.evaluateSequential(MatchOps.java:196)
	at java.base/java.util.stream.AbstractPipeline.evaluate(AbstractPipeline.java:234)
	at java.base/java.util.stream.ReferencePipeline.anyMatch(ReferencePipeline.java:632)
	at app.services.CandidateService.lambda$filterCandidatesByCategory$2(CandidateService.java:144)
	at java.base/java.util.stream.ReferencePipeline$2$1.accept(ReferencePipeline.java:178)
	at java.base/java.util.ArrayList$ArrayListSpliterator.forEachRemaining(ArrayList.java:1625)
	at java.base/java.util.stream.AbstractPipeline.copyInto(AbstractPipeline.java:509)
	at java.base/java.util.stream.AbstractPipeline.wrapAndCopyInto(AbstractPipeline.java:499)
	at java.base/java.util.stream.ReduceOps$ReduceOp.evaluateSequential(ReduceOps.java:921)
	at java.base/java.util.stream.AbstractPipeline.evaluate(AbstractPipeline.java:234)
	at java.base/java.util.stream.ReferencePipeline.collect(ReferencePipeline.java:682)
	at app.services.CandidateService.filterCandidatesByCategory(CandidateService.java:146)
	at app.controllers.CandidateController.lambda$filterCandidateByCategory$6(CandidateController.java:120)
	at app.routes.CandidateRoutes.lambda$getRoutes$0(CandidateRoutes.java:27)
	at io.javalin.router.Endpoint.handle(Endpoint.kt:52)
	at io.javalin.router.ParsedEndpoint.handle(ParsedEndpoint.kt:15)
	at io.javalin.http.servlet.DefaultTasks.HTTP$lambda$9$lambda$7$lambda$6(DefaultTasks.kt:52)
	at io.javalin.http.servlet.JavalinServlet.handleTask(JavalinServlet.kt:99)
	at io.javalin.http.servlet.JavalinServlet.handleSync(JavalinServlet.kt:64)
	at io.javalin.http.servlet.JavalinServlet.handle(JavalinServlet.kt:50)
	at io.javalin.http.servlet.JavalinServlet.service(JavalinServlet.kt:30)
	at jakarta.servlet.http.HttpServlet.service(HttpServlet.java:587)
	at io.javalin.jetty.JavalinJettyServlet.service(JavalinJettyServlet.kt:52)
	at jakarta.servlet.http.HttpServlet.service(HttpServlet.java:587)
	at org.eclipse.jetty.servlet.ServletHolder.handle(ServletHolder.java:764)
	at org.eclipse.jetty.servlet.ServletHandler.doHandle(ServletHandler.java:529)
	at org.eclipse.jetty.server.handler.ScopedHandler.nextHandle(ScopedHandler.java:221)
	at org.eclipse.jetty.server.session.SessionHandler.doHandle(SessionHandler.java:1580)
	at org.eclipse.jetty.server.handler.ScopedHandler.nextHandle(ScopedHandler.java:221)
	at org.eclipse.jetty.server.handler.ContextHandler.doHandle(ContextHandler.java:1381)
	at org.eclipse.jetty.server.handler.ScopedHandler.nextScope(ScopedHandler.java:176)
	at org.eclipse.jetty.servlet.ServletHandler.doScope(ServletHandler.java:484)
	at org.eclipse.jetty.server.session.SessionHandler.doScope(SessionHandler.java:1553)
	at org.eclipse.jetty.server.handler.ScopedHandler.nextScope(ScopedHandler.java:174)
	at org.eclipse.jetty.server.handler.ContextHandler.doScope(ContextHandler.java:1303)
	at org.eclipse.jetty.server.handler.ScopedHandler.handle(ScopedHandler.java:129)
	at org.eclipse.jetty.server.handler.StatisticsHandler.handle(StatisticsHandler.java:173)
	at org.eclipse.jetty.server.handler.HandlerWrapper.handle(HandlerWrapper.java:122)
	at org.eclipse.jetty.server.Server.handle(Server.java:563)
	at org.eclipse.jetty.server.HttpChannel$RequestDispatchable.dispatch(HttpChannel.java:1598)
	at org.eclipse.jetty.server.HttpChannel.dispatch(HttpChannel.java:753)
	at org.eclipse.jetty.server.HttpChannel.handle(HttpChannel.java:501)
	at org.eclipse.jetty.server.HttpConnection.onFillable(HttpConnection.java:287)
	at org.eclipse.jetty.io.AbstractConnection$ReadCallback.succeeded(AbstractConnection.java:314)
	at org.eclipse.jetty.io.FillInterest.fillable(FillInterest.java:100)
	at org.eclipse.jetty.io.SelectableChannelEndPoint$1.run(SelectableChannelEndPoint.java:53)
	at org.eclipse.jetty.util.thread.QueuedThreadPool.runJob(QueuedThreadPool.java:969)
	at org.eclipse.jetty.util.thread.QueuedThreadPool$Runner.doRunJob(QueuedThreadPool.java:1194)
	at org.eclipse.jetty.util.thread.QueuedThreadPool$Runner.run(QueuedThreadPool.java:1149)
	at java.base/java.lang.Thread.run(Thread.java:840)
2025-11-10 01:14:25 [main] INFO  org.hibernate.Version - HHH000412: Hibernate ORM core version 6.2.4.Final
2025-11-10 01:14:25 [main] INFO  org.hibernate.cfg.Environment - HHH000406: Using bytecode reflection optimizer
2025-11-10 01:14:26 [main] WARN  o.hibernate.orm.connections.pooling - HHH10001002: Using built-in connection pool (not intended for production use)
2025-11-10 01:14:26 [main] INFO  o.hibernate.orm.connections.pooling - HHH10001005: Loaded JDBC driver class: org.postgresql.Driver
2025-11-10 01:14:26 [main] INFO  o.hibernate.orm.connections.pooling - HHH10001012: Connecting with JDBC URL [jdbc:postgresql://localhost:5432/candidate_matcher]
2025-11-10 01:14:26 [main] INFO  o.hibernate.orm.connections.pooling - HHH10001001: Connection properties: {password=****, user=postgres}
2025-11-10 01:14:26 [main] INFO  o.hibernate.orm.connections.pooling - HHH10001003: Autocommit mode: false
2025-11-10 01:14:26 [main] INFO  o.hibernate.orm.connections.pooling - HHH10001115: Connection pool size: 20 (min=1)
2025-11-10 01:14:26 [main] INFO  o.h.b.i.BytecodeProviderInitiator - HHH000021: Bytecode provider name : bytebuddy
2025-11-10 01:14:27 [main] INFO  o.hibernate.orm.connections.access - HHH10001501: Connection obtained from JdbcConnectionAccess [org.hibernate.engine.jdbc.env.internal.JdbcEnvironmentInitiator$ConnectionProviderJdbcConnectionAccess@6842c101] for (non-JTA) DDL execution was not in auto-commit mode; the Connection 'local transaction' will be committed and the Connection will be set into auto-commit mode.
2025-11-10 01:14:27 [main] INFO  io.javalin.Javalin - Starting Javalin ...
2025-11-10 01:14:27 [main] INFO  org.eclipse.jetty.server.Server - jetty-11.0.24; built: 2024-08-26T18:11:22.448Z; git: 5dfc59a691b748796f922208956bd1f2794bcd16; jvm 17.0.16+8-LTS
2025-11-10 01:14:27 [main] INFO  o.e.j.s.s.DefaultSessionIdManager - Session workerName=node0
2025-11-10 01:14:27 [main] INFO  o.e.j.server.handler.ContextHandler - Started o.e.j.s.ServletContextHandler@44abdb1f{/api/v1,null,AVAILABLE}
2025-11-10 01:14:27 [main] INFO  o.e.jetty.server.AbstractConnector - Started ServerConnector@37a67cf{HTTP/1.1, (http/1.1)}{0.0.0.0:7070}
2025-11-10 01:14:27 [main] INFO  org.eclipse.jetty.server.Server - Started Server@11148dc2{STARTING}[11.0.24,sto=0] @1730ms
2025-11-10 01:14:27 [main] INFO  io.javalin.Javalin - Javalin started in 119ms \o/
2025-11-10 01:14:27 [main] INFO  io.javalin.Javalin - Listening on http://localhost:7070/api/v1
2025-11-10 01:14:27 [main] INFO  io.javalin.Javalin - You are running Javalin 6.4.0 (released December 17, 2024. Your Javalin version is 327 days old. Consider checking for a newer version.).
2025-11-10 01:15:16 [JettyServerThreadPool-34] WARN  io.javalin.Javalin - Uncaught exception
org.hibernate.LazyInitializationException: failed to lazily initialize a collection of role: app.entities.Candidate.skills: could not initialize proxy - no Session
	at org.hibernate.collection.spi.AbstractPersistentCollection.throwLazyInitializationException(AbstractPersistentCollection.java:635)
	at org.hibernate.collection.spi.AbstractPersistentCollection.withTemporarySessionIfNeeded(AbstractPersistentCollection.java:218)
	at org.hibernate.collection.spi.AbstractPersistentCollection.initialize(AbstractPersistentCollection.java:615)
	at org.hibernate.collection.spi.AbstractPersistentCollection.read(AbstractPersistentCollection.java:136)
	at org.hibernate.collection.spi.PersistentBag.iterator(PersistentBag.java:371)
	at java.base/java.util.Spliterators$IteratorSpliterator.estimateSize(Spliterators.java:1865)
	at java.base/java.util.Spliterator.getExactSizeIfKnown(Spliterator.java:414)
	at java.base/java.util.stream.AbstractPipeline.copyInto(AbstractPipeline.java:508)
	at java.base/java.util.stream.AbstractPipeline.wrapAndCopyInto(AbstractPipeline.java:499)
	at java.base/java.util.stream.ReduceOps$ReduceOp.evaluateSequential(ReduceOps.java:921)
	at java.base/java.util.stream.AbstractPipeline.evaluate(AbstractPipeline.java:234)
	at java.base/java.util.stream.ReferencePipeline.collect(ReferencePipeline.java:682)
	at app.mappers.CandidateMapper.toDTO(CandidateMapper.java:46)
	at app.services.CandidateService.lambda$filterCandidatesByCategory$1(CandidateService.java:141)
	at java.base/java.util.stream.ReferencePipeline$3$1.accept(ReferencePipeline.java:197)
	at java.base/java.util.ArrayList$ArrayListSpliterator.forEachRemaining(ArrayList.java:1625)
	at java.base/java.util.stream.AbstractPipeline.copyInto(AbstractPipeline.java:509)
	at java.base/java.util.stream.AbstractPipeline.wrapAndCopyInto(AbstractPipeline.java:499)
	at java.base/java.util.stream.ReduceOps$ReduceOp.evaluateSequential(ReduceOps.java:921)
	at java.base/java.util.stream.AbstractPipeline.evaluate(AbstractPipeline.java:234)
	at java.base/java.util.stream.ReferencePipeline.collect(ReferencePipeline.java:682)
	at app.services.CandidateService.filterCandidatesByCategory(CandidateService.java:142)
	at app.controllers.CandidateController.lambda$filterCandidateByCategory$6(CandidateController.java:120)
	at io.javalin.router.Endpoint.handle(Endpoint.kt:52)
	at io.javalin.router.ParsedEndpoint.handle(ParsedEndpoint.kt:15)
	at io.javalin.http.servlet.DefaultTasks.HTTP$lambda$9$lambda$7$lambda$6(DefaultTasks.kt:52)
	at io.javalin.http.servlet.JavalinServlet.handleTask(JavalinServlet.kt:99)
	at io.javalin.http.servlet.JavalinServlet.handleSync(JavalinServlet.kt:64)
	at io.javalin.http.servlet.JavalinServlet.handle(JavalinServlet.kt:50)
	at io.javalin.http.servlet.JavalinServlet.service(JavalinServlet.kt:30)
	at jakarta.servlet.http.HttpServlet.service(HttpServlet.java:587)
	at io.javalin.jetty.JavalinJettyServlet.service(JavalinJettyServlet.kt:52)
	at jakarta.servlet.http.HttpServlet.service(HttpServlet.java:587)
	at org.eclipse.jetty.servlet.ServletHolder.handle(ServletHolder.java:764)
	at org.eclipse.jetty.servlet.ServletHandler.doHandle(ServletHandler.java:529)
	at org.eclipse.jetty.server.handler.ScopedHandler.nextHandle(ScopedHandler.java:221)
	at org.eclipse.jetty.server.session.SessionHandler.doHandle(SessionHandler.java:1580)
	at org.eclipse.jetty.server.handler.ScopedHandler.nextHandle(ScopedHandler.java:221)
	at org.eclipse.jetty.server.handler.ContextHandler.doHandle(ContextHandler.java:1381)
	at org.eclipse.jetty.server.handler.ScopedHandler.nextScope(ScopedHandler.java:176)
	at org.eclipse.jetty.servlet.ServletHandler.doScope(ServletHandler.java:484)
	at org.eclipse.jetty.server.session.SessionHandler.doScope(SessionHandler.java:1553)
	at org.eclipse.jetty.server.handler.ScopedHandler.nextScope(ScopedHandler.java:174)
	at org.eclipse.jetty.server.handler.ContextHandler.doScope(ContextHandler.java:1303)
	at org.eclipse.jetty.server.handler.ScopedHandler.handle(ScopedHandler.java:129)
	at org.eclipse.jetty.server.handler.StatisticsHandler.handle(StatisticsHandler.java:173)
	at org.eclipse.jetty.server.handler.HandlerWrapper.handle(HandlerWrapper.java:122)
	at org.eclipse.jetty.server.Server.handle(Server.java:563)
	at org.eclipse.jetty.server.HttpChannel$RequestDispatchable.dispatch(HttpChannel.java:1598)
	at org.eclipse.jetty.server.HttpChannel.dispatch(HttpChannel.java:753)
	at org.eclipse.jetty.server.HttpChannel.handle(HttpChannel.java:501)
	at org.eclipse.jetty.server.HttpConnection.onFillable(HttpConnection.java:287)
	at org.eclipse.jetty.io.AbstractConnection$ReadCallback.succeeded(AbstractConnection.java:314)
	at org.eclipse.jetty.io.FillInterest.fillable(FillInterest.java:100)
	at org.eclipse.jetty.io.SelectableChannelEndPoint$1.run(SelectableChannelEndPoint.java:53)
	at org.eclipse.jetty.util.thread.strategy.AdaptiveExecutionStrategy.runTask(AdaptiveExecutionStrategy.java:421)
	at org.eclipse.jetty.util.thread.strategy.AdaptiveExecutionStrategy.consumeTask(AdaptiveExecutionStrategy.java:390)
	at org.eclipse.jetty.util.thread.strategy.AdaptiveExecutionStrategy.tryProduce(AdaptiveExecutionStrategy.java:277)
	at org.eclipse.jetty.util.thread.strategy.AdaptiveExecutionStrategy.produce(AdaptiveExecutionStrategy.java:193)
	at org.eclipse.jetty.util.thread.QueuedThreadPool.runJob(QueuedThreadPool.java:969)
	at org.eclipse.jetty.util.thread.QueuedThreadPool$Runner.doRunJob(QueuedThreadPool.java:1194)
	at org.eclipse.jetty.util.thread.QueuedThreadPool$Runner.run(QueuedThreadPool.java:1149)
	at java.base/java.lang.Thread.run(Thread.java:840)
2025-11-10 01:19:30 [main] INFO  org.hibernate.Version - HHH000412: Hibernate ORM core version 6.2.4.Final
2025-11-10 01:19:30 [main] INFO  org.hibernate.cfg.Environment - HHH000406: Using bytecode reflection optimizer
2025-11-10 01:19:30 [main] WARN  o.hibernate.orm.connections.pooling - HHH10001002: Using built-in connection pool (not intended for production use)
2025-11-10 01:19:30 [main] INFO  o.hibernate.orm.connections.pooling - HHH10001005: Loaded JDBC driver class: org.postgresql.Driver
2025-11-10 01:19:30 [main] INFO  o.hibernate.orm.connections.pooling - HHH10001012: Connecting with JDBC URL [jdbc:postgresql://localhost:5432/candidate_matcher]
2025-11-10 01:19:30 [main] INFO  o.hibernate.orm.connections.pooling - HHH10001001: Connection properties: {password=****, user=postgres}
2025-11-10 01:19:30 [main] INFO  o.hibernate.orm.connections.pooling - HHH10001003: Autocommit mode: false
2025-11-10 01:19:30 [main] INFO  o.hibernate.orm.connections.pooling - HHH10001115: Connection pool size: 20 (min=1)
2025-11-10 01:19:31 [main] INFO  o.h.b.i.BytecodeProviderInitiator - HHH000021: Bytecode provider name : bytebuddy
2025-11-10 01:19:31 [main] INFO  o.hibernate.orm.connections.access - HHH10001501: Connection obtained from JdbcConnectionAccess [org.hibernate.engine.jdbc.env.internal.JdbcEnvironmentInitiator$ConnectionProviderJdbcConnectionAccess@231df705] for (non-JTA) DDL execution was not in auto-commit mode; the Connection 'local transaction' will be committed and the Connection will be set into auto-commit mode.
2025-11-10 01:19:31 [main] INFO  io.javalin.Javalin - Starting Javalin ...
2025-11-10 01:19:31 [main] INFO  org.eclipse.jetty.server.Server - jetty-11.0.24; built: 2024-08-26T18:11:22.448Z; git: 5dfc59a691b748796f922208956bd1f2794bcd16; jvm 17.0.16+8-LTS
2025-11-10 01:19:31 [main] INFO  o.e.j.s.s.DefaultSessionIdManager - Session workerName=node0
2025-11-10 01:19:31 [main] INFO  o.e.j.server.handler.ContextHandler - Started o.e.j.s.ServletContextHandler@5635bcd2{/api/v1,null,AVAILABLE}
2025-11-10 01:19:32 [main] INFO  o.e.jetty.server.AbstractConnector - Started ServerConnector@76596288{HTTP/1.1, (http/1.1)}{0.0.0.0:7070}
2025-11-10 01:19:32 [main] INFO  org.eclipse.jetty.server.Server - Started Server@7845b21a{STARTING}[11.0.24,sto=0] @1730ms
2025-11-10 01:19:32 [main] INFO  io.javalin.Javalin - Javalin started in 124ms \o/
2025-11-10 01:19:32 [main] INFO  io.javalin.Javalin - Listening on http://localhost:7070/api/v1
2025-11-10 01:19:32 [main] INFO  io.javalin.Javalin - You are running Javalin 6.4.0 (released December 17, 2024. Your Javalin version is 327 days old. Consider checking for a newer version.).
2025-11-10 01:21:58 [main] INFO  org.hibernate.Version - HHH000412: Hibernate ORM core version 6.2.4.Final
2025-11-10 01:21:58 [main] INFO  org.hibernate.cfg.Environment - HHH000406: Using bytecode reflection optimizer
2025-11-10 01:21:58 [main] WARN  o.hibernate.orm.connections.pooling - HHH10001002: Using built-in connection pool (not intended for production use)
2025-11-10 01:21:58 [main] INFO  o.hibernate.orm.connections.pooling - HHH10001005: Loaded JDBC driver class: org.testcontainers.jdbc.ContainerDatabaseDriver
2025-11-10 01:21:58 [main] INFO  o.hibernate.orm.connections.pooling - HHH10001012: Connecting with JDBC URL [jdbc:tc:postgresql:15.3-alpine3.18:///test_db]
2025-11-10 01:21:58 [main] INFO  o.hibernate.orm.connections.pooling - HHH10001001: Connection properties: {password=****, user=postgres}
2025-11-10 01:21:58 [main] INFO  o.hibernate.orm.connections.pooling - HHH10001003: Autocommit mode: false
2025-11-10 01:21:58 [main] INFO  o.hibernate.orm.connections.pooling - HHH10001115: Connection pool size: 20 (min=1)
2025-11-10 01:21:58 [main] INFO  o.testcontainers.images.PullPolicy - Image pull policy will be performed by: DefaultPullPolicy()
2025-11-10 01:21:58 [main] INFO  o.t.utility.ImageNameSubstitutor - Image name substitution will be performed by: DefaultImageNameSubstitutor (composite of 'ConfigurationFileImageNameSubstitutor' and 'PrefixingImageNameSubstitutor')
2025-11-10 01:21:58 [main] INFO  o.testcontainers.DockerClientFactory - Testcontainers version: 1.21.3
2025-11-10 01:21:58 [main] INFO  o.t.d.DockerClientProviderStrategy - Loaded org.testcontainers.dockerclient.NpipeSocketClientProviderStrategy from ~/.testcontainers.properties, will try it first
2025-11-10 01:21:59 [main] INFO  o.t.d.DockerClientProviderStrategy - Found Docker environment with local Npipe socket (npipe:////./pipe/docker_engine)
2025-11-10 01:21:59 [main] INFO  o.testcontainers.DockerClientFactory - Docker host IP address is localhost
2025-11-10 01:21:59 [main] INFO  o.testcontainers.DockerClientFactory - Connected to docker: 
  Server Version: 27.5.1
  API Version: 1.47
  Operating System: Docker Desktop
  Total Memory: 1970 MB
  Labels: 
    com.docker.desktop.address=npipe://\\.\pipe\docker_cli
2025-11-10 01:21:59 [main] INFO  tc.testcontainers/ryuk:0.12.0 - Creating container for image: testcontainers/ryuk:0.12.0
2025-11-10 01:21:59 [main] INFO  o.t.utility.RegistryAuthLocator - Credential helper/store (docker-credential-desktop) does not have credentials for https://index.docker.io/v1/
2025-11-10 01:21:59 [main] INFO  tc.testcontainers/ryuk:0.12.0 - Container testcontainers/ryuk:0.12.0 is starting: aebebd5f081d76047796572c467770356f3b16772f74a9ca98c16a34a1bc73ab
2025-11-10 01:22:00 [main] INFO  tc.testcontainers/ryuk:0.12.0 - Container testcontainers/ryuk:0.12.0 started in PT1.6462842S
2025-11-10 01:22:00 [main] INFO  o.t.utility.RyukResourceReaper - Ryuk started - will monitor and terminate Testcontainers containers on JVM exit
2025-11-10 01:22:00 [main] INFO  o.testcontainers.DockerClientFactory - Checking the system...
2025-11-10 01:22:00 [main] INFO  o.testcontainers.DockerClientFactory - ✔︎ Docker server version should be at least 1.6.0
2025-11-10 01:22:00 [main] INFO  tc.postgres:15.3-alpine3.18 - Creating container for image: postgres:15.3-alpine3.18
2025-11-10 01:22:00 [main] INFO  tc.postgres:15.3-alpine3.18 - Container postgres:15.3-alpine3.18 is starting: 1d26a789afdf9d3ef8b3afb74fe494f909337d238671e28633652f48ce28d4d3
2025-11-10 01:22:03 [main] INFO  tc.postgres:15.3-alpine3.18 - Container postgres:15.3-alpine3.18 started in PT2.4543907S
2025-11-10 01:22:03 [main] INFO  tc.postgres:15.3-alpine3.18 - Container is started (JDBC URL: jdbc:postgresql://localhost:1812/test?loggerLevel=OFF)
2025-11-10 01:22:03 [main] INFO  o.h.b.i.BytecodeProviderInitiator - HHH000021: Bytecode provider name : bytebuddy
2025-11-10 01:22:04 [main] INFO  o.hibernate.orm.connections.access - HHH10001501: Connection obtained from JdbcConnectionAccess [org.hibernate.engine.jdbc.env.internal.JdbcEnvironmentInitiator$ConnectionProviderJdbcConnectionAccess@7e0883f3] for (non-JTA) DDL execution was not in auto-commit mode; the Connection 'local transaction' will be committed and the Connection will be set into auto-commit mode.
2025-11-10 01:22:04 [main] WARN  o.h.e.jdbc.spi.SqlExceptionHelper - SQL Warning Code: 0, SQLState: 00000
2025-11-10 01:22:04 [main] WARN  o.h.e.jdbc.spi.SqlExceptionHelper - relation "candidate_skill" does not exist, skipping
2025-11-10 01:22:04 [main] WARN  o.h.e.jdbc.spi.SqlExceptionHelper - SQL Warning Code: 0, SQLState: 00000
2025-11-10 01:22:04 [main] WARN  o.h.e.jdbc.spi.SqlExceptionHelper - relation "candidate_skill" does not exist, skipping
2025-11-10 01:22:04 [main] WARN  o.h.e.jdbc.spi.SqlExceptionHelper - SQL Warning Code: 0, SQLState: 00000
2025-11-10 01:22:04 [main] WARN  o.h.e.jdbc.spi.SqlExceptionHelper - relation "user_roles" does not exist, skipping
2025-11-10 01:22:04 [main] WARN  o.h.e.jdbc.spi.SqlExceptionHelper - SQL Warning Code: 0, SQLState: 00000
2025-11-10 01:22:04 [main] WARN  o.h.e.jdbc.spi.SqlExceptionHelper - relation "user_roles" does not exist, skipping
2025-11-10 01:22:04 [main] WARN  o.h.e.jdbc.spi.SqlExceptionHelper - SQL Warning Code: 0, SQLState: 00000
2025-11-10 01:22:04 [main] WARN  o.h.e.jdbc.spi.SqlExceptionHelper - table "candidate" does not exist, skipping
2025-11-10 01:22:04 [main] WARN  o.h.e.jdbc.spi.SqlExceptionHelper - SQL Warning Code: 0, SQLState: 00000
2025-11-10 01:22:04 [main] WARN  o.h.e.jdbc.spi.SqlExceptionHelper - table "candidate_skill" does not exist, skipping
2025-11-10 01:22:04 [main] WARN  o.h.e.jdbc.spi.SqlExceptionHelper - SQL Warning Code: 0, SQLState: 00000
2025-11-10 01:22:04 [main] WARN  o.h.e.jdbc.spi.SqlExceptionHelper - table "roles" does not exist, skipping
2025-11-10 01:22:04 [main] WARN  o.h.e.jdbc.spi.SqlExceptionHelper - SQL Warning Code: 0, SQLState: 00000
2025-11-10 01:22:04 [main] WARN  o.h.e.jdbc.spi.SqlExceptionHelper - table "skill" does not exist, skipping
2025-11-10 01:22:04 [main] WARN  o.h.e.jdbc.spi.SqlExceptionHelper - SQL Warning Code: 0, SQLState: 00000
2025-11-10 01:22:04 [main] WARN  o.h.e.jdbc.spi.SqlExceptionHelper - table "user_roles" does not exist, skipping
2025-11-10 01:22:04 [main] WARN  o.h.e.jdbc.spi.SqlExceptionHelper - SQL Warning Code: 0, SQLState: 00000
2025-11-10 01:22:04 [main] WARN  o.h.e.jdbc.spi.SqlExceptionHelper - table "users" does not exist, skipping
2025-11-10 01:22:04 [main] INFO  o.hibernate.orm.connections.access - HHH10001501: Connection obtained from JdbcConnectionAccess [org.hibernate.engine.jdbc.env.internal.JdbcEnvironmentInitiator$ConnectionProviderJdbcConnectionAccess@608f310a] for (non-JTA) DDL execution was not in auto-commit mode; the Connection 'local transaction' will be committed and the Connection will be set into auto-commit mode.
2025-11-10 01:22:04 [main] WARN  o.hibernate.orm.connections.pooling - HHH10001002: Using built-in connection pool (not intended for production use)
2025-11-10 01:22:04 [main] INFO  o.hibernate.orm.connections.pooling - HHH10001005: Loaded JDBC driver class: org.testcontainers.jdbc.ContainerDatabaseDriver
2025-11-10 01:22:04 [main] INFO  o.hibernate.orm.connections.pooling - HHH10001012: Connecting with JDBC URL [jdbc:tc:postgresql:15.3-alpine3.18:///test_db]
2025-11-10 01:22:04 [main] INFO  o.hibernate.orm.connections.pooling - HHH10001001: Connection properties: {password=****, user=postgres}
2025-11-10 01:22:04 [main] INFO  o.hibernate.orm.connections.pooling - HHH10001003: Autocommit mode: false
2025-11-10 01:22:04 [main] INFO  o.hibernate.orm.connections.pooling - HHH10001115: Connection pool size: 20 (min=1)
2025-11-10 01:22:04 [main] INFO  o.h.b.i.BytecodeProviderInitiator - HHH000021: Bytecode provider name : bytebuddy
2025-11-10 01:22:04 [main] INFO  o.hibernate.orm.connections.access - HHH10001501: Connection obtained from JdbcConnectionAccess [org.hibernate.engine.jdbc.env.internal.JdbcEnvironmentInitiator$ConnectionProviderJdbcConnectionAccess@5981f2c6] for (non-JTA) DDL execution was not in auto-commit mode; the Connection 'local transaction' will be committed and the Connection will be set into auto-commit mode.
2025-11-10 01:22:04 [main] INFO  o.hibernate.orm.connections.access - HHH10001501: Connection obtained from JdbcConnectionAccess [org.hibernate.engine.jdbc.env.internal.JdbcEnvironmentInitiator$ConnectionProviderJdbcConnectionAccess@49639118] for (non-JTA) DDL execution was not in auto-commit mode; the Connection 'local transaction' will be committed and the Connection will be set into auto-commit mode.
2025-11-10 01:22:04 [main] INFO  io.javalin.Javalin - Starting Javalin ...
2025-11-10 01:22:04 [main] INFO  org.eclipse.jetty.server.Server - jetty-11.0.24; built: 2024-08-26T18:11:22.448Z; git: 5dfc59a691b748796f922208956bd1f2794bcd16; jvm 17.0.16+8-LTS
2025-11-10 01:22:04 [main] INFO  o.e.j.s.s.DefaultSessionIdManager - Session workerName=node0
2025-11-10 01:22:04 [main] INFO  o.e.j.server.handler.ContextHandler - Started o.e.j.s.ServletContextHandler@4136b193{/api/v1,null,AVAILABLE}
2025-11-10 01:22:04 [main] INFO  o.e.jetty.server.AbstractConnector - Started ServerConnector@5e9cb95{HTTP/1.1, (http/1.1)}{0.0.0.0:1815}
2025-11-10 01:22:04 [main] INFO  org.eclipse.jetty.server.Server - Started Server@23d12a3a{STARTING}[11.0.24,sto=0] @6630ms
2025-11-10 01:22:04 [main] INFO  io.javalin.Javalin - Javalin started in 121ms \o/
2025-11-10 01:22:04 [main] INFO  io.javalin.Javalin - Listening on http://localhost:1815/api/v1
2025-11-10 01:22:04 [main] INFO  io.javalin.Javalin - You are running Javalin 6.4.0 (released December 17, 2024. Your Javalin version is 327 days old. Consider checking for a newer version.).
2025-11-10 01:22:05 [JettyServerThreadPool-60] WARN  o.h.e.jdbc.spi.SqlExceptionHelper - SQL Error: 0, SQLState: 23505
2025-11-10 01:22:05 [JettyServerThreadPool-60] ERROR o.h.e.jdbc.spi.SqlExceptionHelper - ERROR: duplicate key value violates unique constraint "roles_pkey"
  Detail: Key (role_name)=(User) already exists.
2025-11-10 01:22:06 [JettyServerThreadPool-62] INFO  app.controllers.CandidateController - Request to create a new candidate
2025-11-10 01:22:06 [JettyServerThreadPool-62] DEBUG app.controllers.CandidateController - Candidate request body is CandidateDTO(id=null, name=Alice Johnson, phone=555-1234, educationBackground=BSc Computer Science, skills=null)
2025-11-10 01:22:06 [JettyServerThreadPool-62] INFO  app.controllers.CandidateController - Candidate created successfully CandidateDTO(id=1, name=Alice Johnson, phone=555-1234, educationBackground=BSc Computer Science, skills=[])
2025-11-10 01:22:06 [main] INFO  io.javalin.Javalin - Stopping Javalin ...
2025-11-10 01:22:06 [main] INFO  org.eclipse.jetty.server.Server - Stopped Server@23d12a3a{STOPPING}[11.0.24,sto=0]
2025-11-10 01:22:06 [main] INFO  o.e.jetty.server.AbstractConnector - Stopped ServerConnector@5e9cb95{HTTP/1.1, (http/1.1)}{0.0.0.0:0}
2025-11-10 01:22:06 [main] INFO  o.e.j.server.handler.ContextHandler - Stopped o.e.j.s.ServletContextHandler@4136b193{/api/v1,null,STOPPED}
2025-11-10 01:22:06 [main] INFO  io.javalin.Javalin - Javalin has stopped
2025-11-10 01:22:06 [main] INFO  o.hibernate.orm.connections.access - HHH10001501: Connection obtained from JdbcConnectionAccess [org.hibernate.engine.jdbc.env.internal.JdbcEnvironmentInitiator$ConnectionProviderJdbcConnectionAccess@5e92a27] for (non-JTA) DDL execution was not in auto-commit mode; the Connection 'local transaction' will be committed and the Connection will be set into auto-commit mode.
2025-11-10 01:22:06 [main] INFO  o.hibernate.orm.connections.pooling - HHH10001008: Cleaning up connection pool [jdbc:tc:postgresql:15.3-alpine3.18:///test_db]
2025-11-10 01:22:22 [main] INFO  org.hibernate.Version - HHH000412: Hibernate ORM core version 6.2.4.Final
2025-11-10 01:22:22 [main] INFO  org.hibernate.cfg.Environment - HHH000406: Using bytecode reflection optimizer
2025-11-10 01:22:22 [main] WARN  o.hibernate.orm.connections.pooling - HHH10001002: Using built-in connection pool (not intended for production use)
2025-11-10 01:22:22 [main] INFO  o.hibernate.orm.connections.pooling - HHH10001005: Loaded JDBC driver class: org.testcontainers.jdbc.ContainerDatabaseDriver
2025-11-10 01:22:22 [main] INFO  o.hibernate.orm.connections.pooling - HHH10001012: Connecting with JDBC URL [jdbc:tc:postgresql:15.3-alpine3.18:///test_db]
2025-11-10 01:22:22 [main] INFO  o.hibernate.orm.connections.pooling - HHH10001001: Connection properties: {password=****, user=postgres}
2025-11-10 01:22:22 [main] INFO  o.hibernate.orm.connections.pooling - HHH10001003: Autocommit mode: false
2025-11-10 01:22:22 [main] INFO  o.hibernate.orm.connections.pooling - HHH10001115: Connection pool size: 20 (min=1)
2025-11-10 01:22:22 [main] INFO  o.testcontainers.images.PullPolicy - Image pull policy will be performed by: DefaultPullPolicy()
2025-11-10 01:22:22 [main] INFO  o.t.utility.ImageNameSubstitutor - Image name substitution will be performed by: DefaultImageNameSubstitutor (composite of 'ConfigurationFileImageNameSubstitutor' and 'PrefixingImageNameSubstitutor')
2025-11-10 01:22:22 [main] INFO  o.testcontainers.DockerClientFactory - Testcontainers version: 1.21.3
2025-11-10 01:22:22 [main] INFO  o.t.d.DockerClientProviderStrategy - Loaded org.testcontainers.dockerclient.NpipeSocketClientProviderStrategy from ~/.testcontainers.properties, will try it first
2025-11-10 01:22:22 [main] INFO  o.t.d.DockerClientProviderStrategy - Found Docker environment with local Npipe socket (npipe:////./pipe/docker_engine)
2025-11-10 01:22:22 [main] INFO  o.testcontainers.DockerClientFactory - Docker host IP address is localhost
2025-11-10 01:22:22 [main] INFO  o.testcontainers.DockerClientFactory - Connected to docker: 
  Server Version: 27.5.1
  API Version: 1.47
  Operating System: Docker Desktop
  Total Memory: 1970 MB
  Labels: 
    com.docker.desktop.address=npipe://\\.\pipe\docker_cli
2025-11-10 01:22:22 [main] INFO  tc.testcontainers/ryuk:0.12.0 - Creating container for image: testcontainers/ryuk:0.12.0
2025-11-10 01:22:23 [main] INFO  o.t.utility.RegistryAuthLocator - Credential helper/store (docker-credential-desktop) does not have credentials for https://index.docker.io/v1/
2025-11-10 01:22:23 [main] INFO  tc.testcontainers/ryuk:0.12.0 - Container testcontainers/ryuk:0.12.0 is starting: e023a4957ff73d1cf76f0726ecedb80d535d08c9b92deb1293a0d66e2371839d
2025-11-10 01:22:23 [main] INFO  tc.testcontainers/ryuk:0.12.0 - Container testcontainers/ryuk:0.12.0 started in PT0.8461053S
2025-11-10 01:22:23 [main] INFO  o.t.utility.RyukResourceReaper - Ryuk started - will monitor and terminate Testcontainers containers on JVM exit
2025-11-10 01:22:23 [main] INFO  o.testcontainers.DockerClientFactory - Checking the system...
2025-11-10 01:22:23 [main] INFO  o.testcontainers.DockerClientFactory - ✔︎ Docker server version should be at least 1.6.0
2025-11-10 01:22:23 [main] INFO  tc.postgres:15.3-alpine3.18 - Creating container for image: postgres:15.3-alpine3.18
2025-11-10 01:22:23 [main] INFO  tc.postgres:15.3-alpine3.18 - Container postgres:15.3-alpine3.18 is starting: 480df4905b8377d1e7574598452bc734a88aff1f25a2e8d6cf0d2233ebf09c82
2025-11-10 01:22:25 [main] INFO  tc.postgres:15.3-alpine3.18 - Container postgres:15.3-alpine3.18 started in PT1.9199095S
2025-11-10 01:22:25 [main] INFO  tc.postgres:15.3-alpine3.18 - Container is started (JDBC URL: jdbc:postgresql://localhost:1841/test?loggerLevel=OFF)
2025-11-10 01:22:26 [main] INFO  o.h.b.i.BytecodeProviderInitiator - HHH000021: Bytecode provider name : bytebuddy
2025-11-10 01:22:26 [main] INFO  o.hibernate.orm.connections.access - HHH10001501: Connection obtained from JdbcConnectionAccess [org.hibernate.engine.jdbc.env.internal.JdbcEnvironmentInitiator$ConnectionProviderJdbcConnectionAccess@4ba1c1a2] for (non-JTA) DDL execution was not in auto-commit mode; the Connection 'local transaction' will be committed and the Connection will be set into auto-commit mode.
2025-11-10 01:22:26 [main] WARN  o.h.e.jdbc.spi.SqlExceptionHelper - SQL Warning Code: 0, SQLState: 00000
2025-11-10 01:22:26 [main] WARN  o.h.e.jdbc.spi.SqlExceptionHelper - relation "candidate_skill" does not exist, skipping
2025-11-10 01:22:26 [main] WARN  o.h.e.jdbc.spi.SqlExceptionHelper - SQL Warning Code: 0, SQLState: 00000
2025-11-10 01:22:26 [main] WARN  o.h.e.jdbc.spi.SqlExceptionHelper - relation "candidate_skill" does not exist, skipping
2025-11-10 01:22:26 [main] WARN  o.h.e.jdbc.spi.SqlExceptionHelper - SQL Warning Code: 0, SQLState: 00000
2025-11-10 01:22:26 [main] WARN  o.h.e.jdbc.spi.SqlExceptionHelper - relation "user_roles" does not exist, skipping
2025-11-10 01:22:26 [main] WARN  o.h.e.jdbc.spi.SqlExceptionHelper - SQL Warning Code: 0, SQLState: 00000
2025-11-10 01:22:26 [main] WARN  o.h.e.jdbc.spi.SqlExceptionHelper - relation "user_roles" does not exist, skipping
2025-11-10 01:22:26 [main] WARN  o.h.e.jdbc.spi.SqlExceptionHelper - SQL Warning Code: 0, SQLState: 00000
2025-11-10 01:22:26 [main] WARN  o.h.e.jdbc.spi.SqlExceptionHelper - table "candidate" does not exist, skipping
2025-11-10 01:22:26 [main] WARN  o.h.e.jdbc.spi.SqlExceptionHelper - SQL Warning Code: 0, SQLState: 00000
2025-11-10 01:22:26 [main] WARN  o.h.e.jdbc.spi.SqlExceptionHelper - table "candidate_skill" does not exist, skipping
2025-11-10 01:22:26 [main] WARN  o.h.e.jdbc.spi.SqlExceptionHelper - SQL Warning Code: 0, SQLState: 00000
2025-11-10 01:22:26 [main] WARN  o.h.e.jdbc.spi.SqlExceptionHelper - table "roles" does not exist, skipping
2025-11-10 01:22:26 [main] WARN  o.h.e.jdbc.spi.SqlExceptionHelper - SQL Warning Code: 0, SQLState: 00000
2025-11-10 01:22:26 [main] WARN  o.h.e.jdbc.spi.SqlExceptionHelper - table "skill" does not exist, skipping
2025-11-10 01:22:26 [main] WARN  o.h.e.jdbc.spi.SqlExceptionHelper - SQL Warning Code: 0, SQLState: 00000
2025-11-10 01:22:26 [main] WARN  o.h.e.jdbc.spi.SqlExceptionHelper - table "user_roles" does not exist, skipping
2025-11-10 01:22:26 [main] WARN  o.h.e.jdbc.spi.SqlExceptionHelper - SQL Warning Code: 0, SQLState: 00000
2025-11-10 01:22:26 [main] WARN  o.h.e.jdbc.spi.SqlExceptionHelper - table "users" does not exist, skipping
2025-11-10 01:22:26 [main] INFO  o.hibernate.orm.connections.access - HHH10001501: Connection obtained from JdbcConnectionAccess [org.hibernate.engine.jdbc.env.internal.JdbcEnvironmentInitiator$ConnectionProviderJdbcConnectionAccess@515940af] for (non-JTA) DDL execution was not in auto-commit mode; the Connection 'local transaction' will be committed and the Connection will be set into auto-commit mode.
2025-11-10 01:22:26 [main] WARN  o.hibernate.orm.connections.pooling - HHH10001002: Using built-in connection pool (not intended for production use)
2025-11-10 01:22:26 [main] INFO  o.hibernate.orm.connections.pooling - HHH10001005: Loaded JDBC driver class: org.testcontainers.jdbc.ContainerDatabaseDriver
2025-11-10 01:22:26 [main] INFO  o.hibernate.orm.connections.pooling - HHH10001012: Connecting with JDBC URL [jdbc:tc:postgresql:15.3-alpine3.18:///test_db]
2025-11-10 01:22:26 [main] INFO  o.hibernate.orm.connections.pooling - HHH10001001: Connection properties: {password=****, user=postgres}
2025-11-10 01:22:26 [main] INFO  o.hibernate.orm.connections.pooling - HHH10001003: Autocommit mode: false
2025-11-10 01:22:26 [main] INFO  o.hibernate.orm.connections.pooling - HHH10001115: Connection pool size: 20 (min=1)
2025-11-10 01:22:26 [main] INFO  o.h.b.i.BytecodeProviderInitiator - HHH000021: Bytecode provider name : bytebuddy
2025-11-10 01:22:26 [main] INFO  o.hibernate.orm.connections.access - HHH10001501: Connection obtained from JdbcConnectionAccess [org.hibernate.engine.jdbc.env.internal.JdbcEnvironmentInitiator$ConnectionProviderJdbcConnectionAccess@6942ee48] for (non-JTA) DDL execution was not in auto-commit mode; the Connection 'local transaction' will be committed and the Connection will be set into auto-commit mode.
2025-11-10 01:22:26 [main] INFO  o.hibernate.orm.connections.access - HHH10001501: Connection obtained from JdbcConnectionAccess [org.hibernate.engine.jdbc.env.internal.JdbcEnvironmentInitiator$ConnectionProviderJdbcConnectionAccess@3f033664] for (non-JTA) DDL execution was not in auto-commit mode; the Connection 'local transaction' will be committed and the Connection will be set into auto-commit mode.
2025-11-10 01:22:26 [main] INFO  io.javalin.Javalin - Starting Javalin ...
2025-11-10 01:22:26 [main] INFO  org.eclipse.jetty.server.Server - jetty-11.0.24; built: 2024-08-26T18:11:22.448Z; git: 5dfc59a691b748796f922208956bd1f2794bcd16; jvm 17.0.16+8-LTS
2025-11-10 01:22:26 [main] INFO  o.e.j.s.s.DefaultSessionIdManager - Session workerName=node0
2025-11-10 01:22:26 [main] INFO  o.e.j.server.handler.ContextHandler - Started o.e.j.s.ServletContextHandler@5b324447{/api/v1,null,AVAILABLE}
2025-11-10 01:22:27 [main] INFO  o.e.jetty.server.AbstractConnector - Started ServerConnector@52bc6fcf{HTTP/1.1, (http/1.1)}{0.0.0.0:1844}
2025-11-10 01:22:27 [main] INFO  org.eclipse.jetty.server.Server - Started Server@46590dd0{STARTING}[11.0.24,sto=0] @5175ms
2025-11-10 01:22:27 [main] INFO  io.javalin.Javalin - Javalin started in 113ms \o/
2025-11-10 01:22:27 [main] INFO  io.javalin.Javalin - Listening on http://localhost:1844/api/v1
2025-11-10 01:22:27 [main] INFO  io.javalin.Javalin - You are running Javalin 6.4.0 (released December 17, 2024. Your Javalin version is 327 days old. Consider checking for a newer version.).
2025-11-10 01:22:28 [JettyServerThreadPool-60] WARN  o.h.e.jdbc.spi.SqlExceptionHelper - SQL Error: 0, SQLState: 23505
2025-11-10 01:22:28 [JettyServerThreadPool-60] ERROR o.h.e.jdbc.spi.SqlExceptionHelper - ERROR: duplicate key value violates unique constraint "roles_pkey"
  Detail: Key (role_name)=(User) already exists.
2025-11-10 01:22:28 [JettyServerThreadPool-62] INFO  app.controllers.CandidateController - Request to create a new candidate
2025-11-10 01:22:28 [JettyServerThreadPool-62] DEBUG app.controllers.CandidateController - Candidate request body is CandidateDTO(id=null, name=Alice Johnson, phone=555-1234, educationBackground=BSc Computer Science, skills=null)
2025-11-10 01:22:28 [JettyServerThreadPool-62] INFO  app.controllers.CandidateController - Candidate created successfully CandidateDTO(id=1, name=Alice Johnson, phone=555-1234, educationBackground=BSc Computer Science, skills=[])
2025-11-10 01:22:29 [main] INFO  io.javalin.Javalin - Stopping Javalin ...
2025-11-10 01:22:29 [main] INFO  org.eclipse.jetty.server.Server - Stopped Server@46590dd0{STOPPING}[11.0.24,sto=0]
2025-11-10 01:22:29 [main] INFO  o.e.jetty.server.AbstractConnector - Stopped ServerConnector@52bc6fcf{HTTP/1.1, (http/1.1)}{0.0.0.0:0}
2025-11-10 01:22:29 [main] INFO  o.e.j.server.handler.ContextHandler - Stopped o.e.j.s.ServletContextHandler@5b324447{/api/v1,null,STOPPED}
2025-11-10 01:22:29 [main] INFO  io.javalin.Javalin - Javalin has stopped
2025-11-10 01:22:29 [main] INFO  o.hibernate.orm.connections.access - HHH10001501: Connection obtained from JdbcConnectionAccess [org.hibernate.engine.jdbc.env.internal.JdbcEnvironmentInitiator$ConnectionProviderJdbcConnectionAccess@40fd25c7] for (non-JTA) DDL execution was not in auto-commit mode; the Connection 'local transaction' will be committed and the Connection will be set into auto-commit mode.
2025-11-10 01:22:29 [main] INFO  o.hibernate.orm.connections.pooling - HHH10001008: Cleaning up connection pool [jdbc:tc:postgresql:15.3-alpine3.18:///test_db]
